allele,treatment,marker,replicate,value
KRAS G12D,DMSO,T-ERK,1,4.064
KRAS G12D,DMSO,T-ERK,2,12.36
KRAS G12D,DMSO,T-ERK,3,15.53
KRAS G12D,DMSO,T-ERK,4,14.16
KRAS G12D,DMSO,p-ERK,1,6.07
KRAS G12D,DMSO,p-ERK,2,6.17
KRAS G12D,DMSO,p-ERK,3,11.7
KRAS G12D,DMSO,p-ERK,4,6.17
KRAS G12D,RMC-7977,T-ERK,1,73.7
KRAS G12D,RMC-7977,T-ERK,2,95.68
KRAS G12D,RMC-7977,T-ERK,3,94.58
KRAS G12D,RMC-7977,T-ERK,4,74.85
KRAS G12D,RMC-7977,p-ERK,1,42.0
KRAS G12D,RMC-7977,p-ERK,2,57.96
KRAS G12D,RMC-7977,p-ERK,3,62.47
KRAS G12D,RMC-7977,p-ERK,4,43.6
KRAS G12R,DMSO,T-ERK,1,51.78
KRAS G12R,DMSO,T-ERK,2,62.23
KRAS G12R,DMSO,T-ERK,3,68.91
KRAS G12R,DMSO,T-ERK,4,59.12
KRAS G12R,DMSO,p-ERK,1,49.33
KRAS G12R,DMSO,p-ERK,2,46.05
KRAS G12R,DMSO,p-ERK,3,48.08
KRAS G12R,DMSO,p-ERK,4,48.92
KRAS G12R,RMC-7977,T-ERK,1,16.39
KRAS G12R,RMC-7977,T-ERK,2,30.99
KRAS G12R,RMC-7977,T-ERK,3,30.21
KRAS G12R,RMC-7977,T-ERK,4,30.82
KRAS G12R,RMC-7977,p-ERK,1,0.26
KRAS G12R,RMC-7977,p-ERK,2,1.01
KRAS G12R,RMC-7977,p-ERK,3,0.285
KRAS G12R,RMC-7977,p-ERK,4,1.13
