sample,gene,variant
Liver Bx 1,CDKN2A/2B,
Liver Bx 1,KRAS,G12D
Liver Bx 1,TP53,
Liver Bx 1,UGT1A1,
Liver Bx 10,CDKN2A,
Liver Bx 10,KRAS,G12R
Liver Bx 10,SMAD4,
Liver Bx 10,TP53,
Liver Bx 2,BRCA1,
Liver Bx 2,KRAS,G12V
Liver Bx 2,TP53,
Liver Bx 3,KRAS,G12D
Liver Bx 3,TP53,
Liver Bx 4,CDKN2A/2B,
Liver Bx 4,KRAS,Q61H
Liver Bx 4,SMAD4,
Liver Bx 4,TP53,
Liver Bx 5,CDKN2A,
Liver Bx 5,KRAS,G12V
Liver Bx 5,LZTR1,
Liver Bx 5,MAP2K1,
Liver Bx 5,TP53,
Liver Bx 6,JAK3,
Liver Bx 6,KRAS,G12D
Liver Bx 6,NOTCH1,
Liver Bx 6,TP53,
Liver Bx 7,BRAF,
Liver Bx 7,GNAS,
Liver Bx 7,KRAS,wild-type
Liver Bx 7,LATS1,
Liver Bx 8,KRAS,G12R
Liver Bx 8,SMAD4,
Liver Bx 8,TP53,
Liver Bx 9,KRAS,G12D
Liver Bx 9,SMAD3,
Liver Bx 9,TP53,
PDAC Bx 1,KRAS,wild-type
PDAC Bx 2,KRAS,G12V
PDAC Bx 2,TP53,
PDAC Bx 3,CDKN2A/B,
PDAC Bx 3,KRAS,G12V
PDAC Bx 3,TP53,
PDAC Bx 4,KRAS,G12V
PDAC Bx 5,GNAS,
PDAC Bx 5,KRAS,G12D
PDAC Bx 5,TP53,
PDAC Bx 6,KRAS,G12D
PDAC Bx 7,CTNNB1,
PDAC Bx 7,NRAS,G12D
PDAC Bx 7,TP53,
Peritoneum Bx 1,TGFBR1,
Peritoneum Bx 1,TP53,
Peritoneum Bx 2,KRAS,G12D
