study_id,sample_label,tissue_type,biopsy_site,treatment,kras,dose,timepoint_hr,mts_pct_of_control,nuclear_density_pct,caspase3_pct,ki67_pct
PT-001,PDAC 1,Primary,Pancreas,Day 7 STS,,10uM,168,1.73816568,68.61041514,28.43,
PT-004,PDAC 2 IC50,Primary,Pancreas,STS,,3.3uM,72,6.487232574,42.00202511,5.52,1.63
PT-005,Liver 3,Metastatic,Liver,STS,,3.3uM,72,3.100775194,20.50223182,9.79,0.4
PT-007|PT-008,PDAC 4,Primary,Pancreas,FOLFIRINOX,,1uM:0.5:0.5:0.05,48,72.92,30.56,25.98,4.92
PT-007|PT-008,Liver 4 resection 1,Metastatic,Liver,FOLFIRINOX,Q61H,1uM:0.5:0.5:0.05,48,97.50132908,113.7776823,5.09,3.88575
PT-011,PDAC 5,Primary,Pancreas,FOLFIRINOX,G12R,1uM:0.5:0.5:0.05,48,72.32,124.82,2.7603,0.2
PT-011,PDAC 5,Primary,Pancreas,Gem/nab,G12R,0.5:0.1uM,48,55.63,113.75,2.9011,4.325
PT-011,PDAC 5,Primary,Pancreas,RMC7977,G12R,20nM,48,60.3,29.95,11.025,0.0
PT-011,PDAC 5,Primary,Pancreas,STS,G12R,5uM,48,12.24,74.54,5.7,0.325
PT-012,Liver 5,Metastatic,Liver,FOLFIRINOX,G12V,1uM:0.5:0.5:0.05,24,111.4606742,89.73659038,4.392,13.9925
PT-012,Liver 5,Metastatic,Liver,Gem/nab,G12V,0.5:0.1uM,24,73.70786517,60.24957515,11.23475,3.363
PT-012,Liver 5,Metastatic,Liver,RMC7977,G12V,20nM,24,53.25842697,56.08184466,8.2955,3.44425
PT-013,Umbilicus  1,Metastatic,Peritoneum,FOLFIRINOX,G12D,1uM:0.5:0.5:0.05,48,89.46335079,87.05706285,5.475,13.275
PT-013,Umbilicus  1,Metastatic,Peritoneum,Gem/nab,G12D,0.5:0.1uM,48,99.21465969,100.8636874,4.15,13.35
PT-013,Umbilicus  1,Metastatic,Peritoneum,RMC7977,G12D,20nM,48,120.1570681,79.75294015,7.45,18.4
PT-013,Umbilicus  1,Metastatic,Peritoneum,STS,G12D,5uM,48,77.68324607,86.22846382,6.0,8.025
PT-014,Liver 6 resection 2,Metastatic,Liver,FOLFIRINOX,G12D,1uM:0.5:0.5:0.05,48,115.7964309,166.1457571,2.923175,11.18275
PT-014,Liver 6 resection 2,Metastatic,Liver,Gem/nab,G12D,0.5:0.1uM,48,93.15928619,101.3153234,2.96205,11.8075
PT-014,Liver 6 resection 2,Metastatic,Liver,RMC7977,G12D,20nM,48,94.67944481,134.422614,5.6205,8.88325
PT-015,Liver 7,Metastatic,Liver,FOLFIRINOX,WT,1uM:0.5:0.5:0.05,48,5.2,51.28718872,2.16075,0.609625
PT-015,Liver 7,Metastatic,Liver,Trametinib,WT,1uM,48,19.42,66.4475098,11.659125,6.683225
PT-015,Liver 7,Metastatic,Liver,Vemurafenib,WT,1uM,48,91.33,105.7289821,0.61905,12.447425
PT-023,Liver 8,Metastatic,Liver,FOLFIRINOX,G12R,1uM:0.5:0.5:0.05,48,138.6615311,144.4019368,,
PT-023,Liver 8,Metastatic,Liver,Gem/nab,G12R,0.5:0.1uM,48,130.1877708,133.1759155,,
PT-023,Liver 8,Metastatic,Liver,RMC7977,G12R,50nM,48,0.0,,,
PT-023,Liver 8,Metastatic,Liver,Trametinib,G12R,2uM,48,51.03514685,47.01486525,,
PT-024,Liver 9,Metastatic,Liver,FOLFIRINOX,G12D,2uM:1:1:0.1,48,60.71,92.45987042,10.825,12.1335
PT-024,Liver 9,Metastatic,Liver,Gem/nab,G12D,1.5:0.3uM,48,1.47,41.17675698,37.725,1.671175
PT-024,Liver 9,Metastatic,Liver,RMC7977,G12D,50nM,48,29.52,37.52387402,34.1,14.68025
PT-024,Liver 9,Metastatic,Liver,Trametinib,G12D,2uM,48,35.5,54.8025483,20.15,4.517
PT-025,Liver 10,Metastatic,Liver,FOLFIRINOX,G12R,2uM:1:1:0.1,48,21.74887892,52.99912016,42.38,10.57375
PT-025,Liver 10,Metastatic,Liver,Gem/nab,G12R,1.5:0.3uM,48,20.77727952,39.94058542,32.55,3.96075
PT-025,Liver 10,Metastatic,Liver,RMC7977,G12R,50nM,48,2.01793722,12.15230656,46.8,1.013
PT-025,Liver 10,Metastatic,Liver,Trametinib,G12R,2uM,48,9.192825112,34.43264886,29.0,1.795975
