sample,timepoint,drug,concentration,well,normalised,control_mean,pct_of_control,qc_fail
Liver Bx 4,24h,FOLFIRINOX,1.0 : 0.5 : 0.5 : 0.05,A1,1.079,0.901,119.7558268590455,True
Liver Bx 4,24h,FOLFIRINOX,1.0 : 0.5 : 0.5 : 0.05,B1,1.045,0.901,115.98224195338513,True
Liver Bx 4,48h,FOLFIRINOX,1.0 : 0.5 : 0.5 : 0.05,A1,0.8860000000000001,0.9405000000000001,94.20520999468367,True
Liver Bx 4,48h,FOLFIRINOX,1.0 : 0.5 : 0.5 : 0.05,B1,0.948,0.9405000000000001,100.7974481658692,True
Liver Bx 5,24h,FOLFIRINOX,1000nm:500nm:500nm:50nm,A1,0.24249999999999994,0.22249999999999998,108.9887640449438,False
Liver Bx 5,24h,FOLFIRINOX,1000nm:500nm:500nm:50nm,A2,0.25349999999999995,0.22249999999999998,113.93258426966291,False
Liver Bx 5,24h,Gem/nab-Pac,500nm:100nm,A3,0.1375,0.22249999999999998,61.797752808988776,False
Liver Bx 5,24h,Gem/nab-Pac,500nm:100nm,A4,0.1905,0.22249999999999998,85.6179775280899,False
Liver Bx 5,24h,RMC-7977,20nmol,A5,0.09049999999999997,0.22249999999999998,40.67415730337078,False
Liver Bx 5,24h,RMC-7977,20nmol,A6,0.14649999999999996,0.22249999999999998,65.84269662921348,False
Liver Bx 6,24h,FOLFIRINOX,1000nm:500nm:500nm:50nm,A1,1.8295,0.5739999999999998,318.72822299651574,True
Liver Bx 6,24h,FOLFIRINOX,1000nm:500nm:500nm:50nm,B1,1.3205,0.5739999999999998,230.05226480836245,True
Liver Bx 6,24h,Gem/nab-Pac,500nm:100nm,A2,1.0045000000000002,0.5739999999999998,175.00000000000009,True
Liver Bx 6,24h,Gem/nab-Pac,500nm:100nm,B2,0.8175,0.5739999999999998,142.4216027874565,True
Liver Bx 6,24h,RMC-7977,20nmol,A3,1.3054999999999999,0.5739999999999998,227.43902439024393,True
Liver Bx 6,24h,RMC-7977,20nmol,B3,1.8005,0.5739999999999998,313.6759581881534,True
Liver Bx 6,48h,FOLFIRINOX,1000nm:500nm:500nm:50nm,A1,1.867,1.5130000000000001,123.39722405816258,True
Liver Bx 6,48h,FOLFIRINOX,1000nm:500nm:500nm:50nm,B1,1.637,1.5130000000000001,108.19563780568406,True
Liver Bx 6,48h,Gem/nab-Pac,500nm:100nm,A2,1.7810000000000001,1.5130000000000001,117.71315267680106,True
Liver Bx 6,48h,Gem/nab-Pac,500nm:100nm,B2,1.038,1.5130000000000001,68.60541969596827,True
Liver Bx 6,48h,RMC-7977,20nmol,A3,1.543,1.5130000000000001,101.98281559814936,True
Liver Bx 6,48h,RMC-7977,20nmol,B3,1.322,1.5130000000000001,87.37607402511567,True
Liver Bx 7,24h,FOLFIRINOX,2000nm:1000nm:1000nm:100nm,A1,0.16499999999999998,1.115,14.798206278026903,False
Liver Bx 7,24h,Trametinib,2uM,A2,0.9690000000000001,1.115,86.90582959641256,False
Liver Bx 7,24h,Vemurafenib,2uM,A3,1.125,1.115,100.89686098654708,False
Liver Bx 7,48h,FOLFIRINOX,2000nm:1000nm:1000nm:100nm,A1,0.044999999999999984,0.865,5.202312138728321,False
Liver Bx 7,48h,Trametinib,2uM,A2,0.16799999999999998,0.865,19.42196531791907,False
Liver Bx 7,48h,Vemurafenib,2uM,A3,0.79,0.865,91.32947976878613,False
Liver Bx 8,24h,FOLFIRINOX,1000nm:500nm:500nm:50nm,B1,1.0619999999999998,0.9435,112.55961844197137,True
Liver Bx 8,24h,Gem/nab-Pac,500nm:100nm,B2,1.2109999999999999,0.9435,128.35188129305774,True
Liver Bx 8,24h,RMC-7977,20nmol,B3,0.281,0.9435,29.78272390037096,True
Liver Bx 8,24h,Trametinib,,B4,0.803,0.9435,85.10863804981453,True
Liver Bx 8,48h,FOLFIRINOX,1000nm:500nm:500nm:50nm,B1,1.44,1.0385,138.6615310544054,True
Liver Bx 8,48h,Gem/nab-Pac,500nm:100nm,B2,1.3519999999999999,1.0385,130.18777082330283,True
Liver Bx 8,48h,RMC-7977,20nmol,B3,-0.0020000000000000018,1.0385,-0.19258545979778544,True
Liver Bx 8,48h,Trametinib,,B4,0.53,1.0385,51.0351468464131,True
Liver Bx 9,24h,FOLFIRINOX,2000nm:1000nm:1000nm:100nm,A1,0.595,0.689,86.35703918722787,True
Liver Bx 9,24h,Gem/nab-Pac,"1.5uM, 0.3uM",A2,0.07400000000000001,0.689,10.740203193033384,True
Liver Bx 9,24h,RMC-7977,50nM,A3,0.5374999999999999,0.689,78.01161103047895,True
Liver Bx 9,24h,Trametinib,2uMol,A4,0.528,0.689,76.63280116110306,True
Liver Bx 9,24h,FOLFIRINOX,2000nm:1000nm:1000nm:100nm,A1,0.595,0.689,86.35703918722787,True
Liver Bx 9,24h,Gem/nab-Pac,"1.5uM, 0.3uM",A2,0.07400000000000001,0.689,10.740203193033384,True
Liver Bx 9,24h,RMC-7977,50nM,A3,0.6239999999999999,0.689,90.56603773584905,True
Liver Bx 9,24h,Trametinib,2uMol,A4,0.528,0.689,76.63280116110306,True
Liver Bx 9,24h,FOLFIRINOX,2000nm:1000nm:1000nm:100nm,A1,0.27399999999999997,0.689,39.7677793904209,True
Liver Bx 9,24h,Gem/nab-Pac,"1.5uM, 0.3uM",A2,-0.008000000000000007,0.689,-1.1611030478955018,True
Liver Bx 9,24h,RMC-7977,50nM,A3,0.09500000000000003,0.689,13.788098693759077,True
Liver Bx 9,24h,Trametinib,2uMol,A4,0.15399999999999997,0.689,22.351233671988386,True
Liver Bx 9,48h,FOLFIRINOX,2000nm:1000nm:1000nm:100nm,A1,0.2889999999999999,0.476,60.7142857142857,False
Liver Bx 9,48h,Gem/nab-Pac,"1.5uM, 0.3uM",A2,0.006999999999999951,0.476,1.4705882352941073,False
Liver Bx 9,48h,RMC-7977,50nM,A3,0.10999999999999999,0.476,23.109243697478988,False
Liver Bx 9,48h,Trametinib,2uMol,A4,0.16899999999999993,0.476,35.50420168067225,False
Liver Bx 10,24h,FOLFIRINOX,,A,0.87,0.6565000000000001,132.5209444021325,False
Liver Bx 10,24h,Gem/nab-Pac,,A,0.312,0.6565000000000001,47.52475247524752,False
Liver Bx 10,24h,RMC-7977,,A,0.15,0.6565000000000001,22.848438690022846,False
Liver Bx 10,24h,Trametinib,,A,0.571,0.6565000000000001,86.97638994668695,False
Liver Bx 10,24h,FOLFIRINOX,,B,0.575,0.6565000000000001,87.58568164508756,False
Liver Bx 10,24h,Gem/nab-Pac,,B,0.58,0.6565000000000001,88.34729626808833,False
Liver Bx 10,24h,RMC-7977,,B,0.128,0.6565000000000001,19.497334348819496,False
Liver Bx 10,24h,Trametinib,,B,0.429,0.6565000000000001,65.34653465346534,False
Liver Bx 10,24h,FOLFIRINOX,,C,0.333,0.6565000000000001,50.72353389185072,False
Liver Bx 10,24h,Gem/nab-Pac,,C,0.558,0.6565000000000001,84.99619192688499,False
Liver Bx 10,24h,RMC-7977,,C,0.157,0.6565000000000001,23.91469916222391,False
Liver Bx 10,48h,FOLFIRINOX,,A,0.22,0.44599999999999995,49.32735426008969,False
Liver Bx 10,48h,Gem/nab-Pac,,A,-0.012,0.44599999999999995,-2.690582959641256,False
Liver Bx 10,48h,RMC-7977,,A,0.041,0.44599999999999995,9.192825112107625,False
Liver Bx 10,48h,Trametinib,,A,0.058,0.44599999999999995,13.004484304932738,False
Liver Bx 10,48h,FOLFIRINOX,,B,0.045,0.44599999999999995,10.08968609865471,False
Liver Bx 10,48h,Gem/nab-Pac,,B,0.112,0.44599999999999995,25.11210762331839,False
Liver Bx 10,48h,RMC-7977,,B,-0.009,0.44599999999999995,-2.0179372197309418,False
Liver Bx 10,48h,Trametinib,,B,0.024,0.44599999999999995,5.381165919282512,False
Liver Bx 10,48h,FOLFIRINOX,,C,0.026,0.44599999999999995,5.829596412556055,False
Liver Bx 10,48h,Gem/nab-Pac,,C,0.178,0.44599999999999995,39.9103139013453,False
Liver Bx 10,48h,RMC-7977,,C,-0.005,0.44599999999999995,-1.1210762331838566,False
Peritoneum Bx 2,24h,FOLFIRINOX,1000nm:500nm:500nm:50nm,A1,0.7565000000000001,1.4301249999999999,52.89747399702824,True
Peritoneum Bx 2,24h,FOLFIRINOX,1000nm:500nm:500nm:50nm,B1,0.9015000000000001,1.4301249999999999,63.03644786294905,True
Peritoneum Bx 2,24h,FOLFIRINOX,1000nm:500nm:500nm:50nm,A2,1.1204999999999998,1.4301249999999999,78.34979459837426,True
Peritoneum Bx 2,24h,FOLFIRINOX,1000nm:500nm:500nm:50nm,B2,1.6495000000000002,1.4301249999999999,115.33956821956124,True
Peritoneum Bx 2,24h,Gem/nab-Pac,500nm:100nm,A3,0.9514999999999999,1.4301249999999999,66.53264574774933,True
Peritoneum Bx 2,24h,Gem/nab-Pac,500nm:100nm,B3,1.7405,1.4301249999999999,121.70264836989773,True
Peritoneum Bx 2,24h,Gem/nab-Pac,500nm:100nm,A4,1.2254999999999998,1.4301249999999999,85.69181015645485,True
Peritoneum Bx 2,24h,Gem/nab-Pac,500nm:100nm,B4,1.3504999999999998,1.4301249999999999,94.43230486845555,True
Peritoneum Bx 2,24h,RMC-7977,20nmol,C1,1.2774999999999999,1.4301249999999999,89.32785595664714,True
Peritoneum Bx 2,24h,RMC-7977,20nmol,D1,1.5815000000000001,1.4301249999999999,110.58473909623287,True
Peritoneum Bx 2,24h,RMC-7977,20nmol,C2,1.7905000000000002,1.4301249999999999,125.19884625469804,True
Peritoneum Bx 2,24h,RMC-7977,20nmol,D2,1.6785,1.4301249999999999,117.36736299274541,True
Peritoneum Bx 2,24h,Staurosporine,5uMol,C3,1.5895000000000001,1.4301249999999999,111.14413075780091,True
Peritoneum Bx 2,24h,Staurosporine,5uMol,D3,1.6364999999999998,1.4301249999999999,114.43055676951315,True
Peritoneum Bx 2,24h,Staurosporine,5uMol,C4,1.0215,1.4301249999999999,71.42732278646973,True
Peritoneum Bx 2,24h,Staurosporine,5uMol,D4,1.0474999999999999,1.4301249999999999,73.24534568656586,True
Peritoneum Bx 2,48h,FOLFIRINOX,1000nm:500nm:500nm:50nm,A1,0.7390000000000001,1.6603750000000002,44.50801776707069,False
Peritoneum Bx 2,48h,FOLFIRINOX,1000nm:500nm:500nm:50nm,B1,1.115,1.6603750000000002,67.15350447940976,False
Peritoneum Bx 2,48h,FOLFIRINOX,1000nm:500nm:500nm:50nm,A2,1.7599999999999998,1.6603750000000002,106.00015056839567,False
Peritoneum Bx 2,48h,FOLFIRINOX,1000nm:500nm:500nm:50nm,B2,1.8530000000000002,1.6603750000000002,111.60129488820296,False
Peritoneum Bx 2,48h,Gem/nab-Pac,500nm:100nm,A3,1.471,1.6603750000000002,88.5944440261989,False
Peritoneum Bx 2,48h,Gem/nab-Pac,500nm:100nm,B3,1.506,1.6603750000000002,90.7024015659113,False
Peritoneum Bx 2,48h,Gem/nab-Pac,500nm:100nm,A4,1.594,1.6603750000000002,96.0024090943311,False
Peritoneum Bx 2,48h,Gem/nab-Pac,500nm:100nm,B4,1.492,1.6603750000000002,89.85921855002634,False
Peritoneum Bx 2,48h,RMC-7977,20nmol,C1,1.599,1.6603750000000002,96.30354588571858,False
Peritoneum Bx 2,48h,RMC-7977,20nmol,D1,1.783,1.6603750000000002,107.38537980877811,False
Peritoneum Bx 2,48h,RMC-7977,20nmol,C2,2.066,1.6603750000000002,124.42972220130993,False
Peritoneum Bx 2,48h,RMC-7977,20nmol,D2,1.8940000000000001,1.6603750000000002,114.07061657758035,False
Peritoneum Bx 2,48h,Staurosporine,5uMol,C3,1.6229999999999998,1.6603750000000002,97.74900248437851,False
Peritoneum Bx 2,48h,Staurosporine,5uMol,D3,1.244,1.6603750000000002,74.92283369720695,False
Peritoneum Bx 2,48h,Staurosporine,5uMol,C4,0.974,1.6603750000000002,58.661446962282604,False
Peritoneum Bx 2,48h,Staurosporine,5uMol,D4,0.9079999999999999,1.6603750000000002,54.68644131596777,False
PDAC Bx 3,24h,FOLFIRINOX,1.0 : 0.5 : 0.5 : 0.05,A1,2.3875,1.90375,125.41037426132634,False
PDAC Bx 3,24h,FOLFIRINOX,1.0 : 0.5 : 0.5 : 0.05,B1,1.3985,1.90375,73.4602757715036,False
PDAC Bx 3,24h,FOLFIRINOX,1.0 : 0.5 : 0.5 : 0.05,A2,1.8784999999999998,1.90375,98.6736703873933,False
PDAC Bx 3,24h,FOLFIRINOX,1.0 : 0.5 : 0.5 : 0.05,B2,1.7635,1.90375,92.63296126066973,False
PDAC Bx 3,24h,FOLFIRINOX,0.5 : 0.25 : 0.25 : 0.025,A3,1.3305,1.90375,69.88837820091925,False
PDAC Bx 3,24h,FOLFIRINOX,0.5 : 0.25 : 0.25 : 0.025,B3,1.6075,1.90375,84.43860801050558,False
PDAC Bx 3,24h,FOLFIRINOX,0.5 : 0.25 : 0.25 : 0.025,A4,1.7934999999999999,1.90375,94.20879842416284,False
PDAC Bx 3,24h,FOLFIRINOX,0.5 : 0.25 : 0.25 : 0.025,B4,1.4324999999999999,1.90375,75.2462245567958,False
PDAC Bx 3,48h,FOLFIRINOX,1.0 : 0.5 : 0.5 : 0.05,A1,2.0650000000000004,1.6925000000000001,122.00886262924668,False
PDAC Bx 3,48h,FOLFIRINOX,1.0 : 0.5 : 0.5 : 0.05,B1,1.39,1.6925000000000001,82.12703101920236,False
PDAC Bx 3,48h,FOLFIRINOX,1.0 : 0.5 : 0.5 : 0.05,A2,1.582,1.6925000000000001,93.4711964549483,False
PDAC Bx 3,48h,FOLFIRINOX,1.0 : 0.5 : 0.5 : 0.05,B2,1.311,1.6925000000000001,77.45937961595273,False
PDAC Bx 3,48h,FOLFIRINOX,0.5 : 0.25 : 0.25 : 0.025,A3,1.37,1.6925000000000001,80.94534711964549,False
PDAC Bx 3,48h,FOLFIRINOX,0.5 : 0.25 : 0.25 : 0.025,B3,1.6409999999999998,1.6925000000000001,96.95716395864103,False
PDAC Bx 3,48h,FOLFIRINOX,0.5 : 0.25 : 0.25 : 0.025,A4,1.7249999999999999,1.6925000000000001,101.92023633677991,False
PDAC Bx 3,48h,FOLFIRINOX,0.5 : 0.25 : 0.25 : 0.025,B4,1.23,1.6925000000000001,72.67355982274741,False
PDAC Bx 4,24h,FOLFIRINOX,1.0 : 0.5 : 0.5 : 0.05,A1,0.8730000000000001,1.63925,53.25606222357786,True
PDAC Bx 4,24h,FOLFIRINOX,1.0 : 0.5 : 0.5 : 0.05,B1,0.936,1.63925,57.099283208784506,True
PDAC Bx 4,24h,FOLFIRINOX,1.0 : 0.5 : 0.5 : 0.05,A2,0.7820000000000001,1.63925,47.70474302272381,True
PDAC Bx 4,24h,FOLFIRINOX,1.0 : 0.5 : 0.5 : 0.05,B2,1.3239999999999998,1.63925,80.76864419704131,True
PDAC Bx 4,24h,FOLFIRINOX,0.5 : 0.25 : 0.25 : 0.025,A3,1.525,1.63925,93.03034924508158,True
PDAC Bx 4,24h,FOLFIRINOX,0.5 : 0.25 : 0.25 : 0.025,B3,1.121,1.63925,68.38493213359767,True
PDAC Bx 4,24h,FOLFIRINOX,0.5 : 0.25 : 0.25 : 0.025,A4,1.158,1.63925,70.64206191856032,True
PDAC Bx 4,24h,FOLFIRINOX,0.5 : 0.25 : 0.25 : 0.025,B4,2.074,1.63925,126.52127497331094,True
PDAC Bx 4,48h,FOLFIRINOX,1.0 : 0.5 : 0.5 : 0.05,A1,2.0085,1.69375,118.58302583025831,True
PDAC Bx 4,48h,FOLFIRINOX,1.0 : 0.5 : 0.5 : 0.05,B1,0.6794999999999999,1.69375,40.1180811808118,True
PDAC Bx 4,48h,FOLFIRINOX,1.0 : 0.5 : 0.5 : 0.05,A2,0.9245,1.69375,54.5830258302583,True
PDAC Bx 4,48h,FOLFIRINOX,1.0 : 0.5 : 0.5 : 0.05,B2,1.3984999999999999,1.69375,82.56826568265681,True
PDAC Bx 4,48h,FOLFIRINOX,0.5 : 0.25 : 0.25 : 0.025,A3,1.5844999999999998,1.69375,93.54981549815497,True
PDAC Bx 4,48h,FOLFIRINOX,0.5 : 0.25 : 0.25 : 0.025,B3,1.3515000000000001,1.69375,79.79335793357933,True
PDAC Bx 4,48h,FOLFIRINOX,0.5 : 0.25 : 0.25 : 0.025,A4,1.1715,1.69375,69.1660516605166,True
PDAC Bx 4,48h,FOLFIRINOX,0.5 : 0.25 : 0.25 : 0.025,B4,2.4045,1.69375,141.9630996309963,True
PDAC Bx 5,24h,FOLFIRINOX,1000nm:500nm:500nm:50nm,A1,1.5765,1.968,80.10670731707317,True
PDAC Bx 5,24h,FOLFIRINOX,1000nm:500nm:500nm:50nm,B1,1.1844999999999999,1.968,60.18800813008129,True
PDAC Bx 5,24h,FOLFIRINOX,1000nm:500nm:500nm:50nm,A2,1.8845,1.968,95.75711382113822,True
PDAC Bx 5,24h,FOLFIRINOX,1000nm:500nm:500nm:50nm,B2,0.7555000000000001,1.968,38.38922764227643,True
PDAC Bx 5,24h,Gem/nab-Pac,500nm:100nm,A3,1.2375,1.968,62.88109756097561,True
PDAC Bx 5,24h,Gem/nab-Pac,500nm:100nm,B3,1.3835,1.968,70.29979674796748,True
PDAC Bx 5,24h,Gem/nab-Pac,500nm:100nm,A4,1.2185,1.968,61.915650406504064,True
PDAC Bx 5,24h,Gem/nab-Pac,500nm:100nm,B4,1.1205,1.968,56.935975609756106,True
PDAC Bx 5,24h,RMC-7977,20nmol,C1,1.1455,1.968,58.20630081300813,True
PDAC Bx 5,24h,RMC-7977,20nmol,D1,1.1395,1.968,57.90142276422764,True
PDAC Bx 5,24h,RMC-7977,20nmol,C2,1.9805000000000001,1.968,100.63516260162602,True
PDAC Bx 5,24h,RMC-7977,20nmol,D2,1.3475,1.968,68.47052845528455,True
PDAC Bx 5,24h,Staurosporine,5uMol,C3,1.2854999999999999,1.968,65.3201219512195,True
PDAC Bx 5,24h,Staurosporine,5uMol,D3,1.4115,1.968,71.72256097560977,True
PDAC Bx 5,24h,Staurosporine,5uMol,C4,0.5095000000000001,1.968,25.889227642276424,True
PDAC Bx 5,24h,Staurosporine,5uMol,D4,1.1595,1.968,58.91768292682927,True
PDAC Bx 5,48h,FOLFIRINOX,1000nm:500nm:500nm:50nm,A1,1.187,1.5025,79.00166389351082,True
PDAC Bx 5,48h,FOLFIRINOX,1000nm:500nm:500nm:50nm,B1,1.155,1.5025,76.87188019966722,True
PDAC Bx 5,48h,FOLFIRINOX,1000nm:500nm:500nm:50nm,A2,1.354,1.5025,90.11647254575708,True
PDAC Bx 5,48h,FOLFIRINOX,1000nm:500nm:500nm:50nm,B2,0.377,1.5025,25.091514143094845,True
PDAC Bx 5,48h,Gem/nab-Pac,500nm:100nm,A3,0.752,1.5025,50.049916805324465,True
PDAC Bx 5,48h,Gem/nab-Pac,500nm:100nm,B3,0.756,1.5025,50.316139767054906,True
PDAC Bx 5,48h,Gem/nab-Pac,500nm:100nm,A4,0.796,1.5025,52.97836938435941,True
PDAC Bx 5,48h,Gem/nab-Pac,500nm:100nm,B4,0.829,1.5025,55.1747088186356,True
PDAC Bx 5,48h,RMC-7977,20nmol,C1,0.4690000000000001,1.5025,31.21464226289518,True
PDAC Bx 5,48h,RMC-7977,20nmol,D1,0.29400000000000004,1.5025,19.567387687188024,True
PDAC Bx 5,48h,RMC-7977,20nmol,C2,1.7309999999999999,1.5025,115.20798668885192,True
PDAC Bx 5,48h,RMC-7977,20nmol,D2,0.9000000000000001,1.5025,59.90016638935109,True
PDAC Bx 5,48h,Staurosporine,5uMol,C3,0.381,1.5025,25.357737104825294,True
PDAC Bx 5,48h,Staurosporine,5uMol,D3,0.14600000000000002,1.5025,9.7171381031614,True
PDAC Bx 5,48h,Staurosporine,5uMol,C4,0.01200000000000001,1.5025,0.7986688851913485,True
PDAC Bx 5,48h,Staurosporine,5uMol,D4,0.15000000000000002,1.5025,9.983361064891849,True
PDAC Bx 6,24h,FOLFIRINOX,2um: 1um: 0.5um,B1,1.0365,0.9881666666666667,104.89121268342046,True
PDAC Bx 6,24h,FOLFIRINOX,2um: 1um: 0.5um,C1,0.5115000000000001,0.9881666666666667,51.76252319109462,True
PDAC Bx 6,24h,FOLFIRINOX,2um: 1um: 0.5um,D1,2.6725,0.9881666666666667,270.4503288918873,True
PDAC Bx 6,24h,Trametinib,2.0uM,B2,0.7625,0.9881666666666667,77.16309664361611,True
PDAC Bx 6,24h,Trametinib,2.0um,C2,0.5205,0.9881666666666667,52.67330072524877,True
PDAC Bx 6,24h,Trametinib,2.0um,D2,1.2955,0.9881666666666667,131.10136616630123,True
PDAC Bx 6,24h,Vemurafenib,2.0um,B3,0.9345000000000001,0.9881666666666667,94.56906729634004,True
PDAC Bx 6,24h,Vemurafenib,2.0um,C3,0.33149999999999996,0.9881666666666667,33.546972508011464,True
PDAC Bx 6,24h,Vemurafenib,2.0um,D3,1.3575000000000002,0.9881666666666667,137.37561140158545,True
PDAC Bx 6,48h,FOLFIRINOX,2um: 1um: 0.5um,B1,0.6435,1.1115000000000002,57.89473684210525,True
PDAC Bx 6,48h,FOLFIRINOX,2um: 1um: 0.5um,C1,0.4935,1.1115000000000002,44.399460188933865,True
PDAC Bx 6,48h,FOLFIRINOX,2um: 1um: 0.5um,D1,2.4655,1.1115000000000002,221.81736392262707,True
PDAC Bx 6,48h,Trametinib,2.0uM,B2,0.5315000000000001,1.1115000000000002,47.81826360773729,True
PDAC Bx 6,48h,Trametinib,2.0um,C2,0.30450000000000005,1.1115000000000002,27.395411605937923,True
PDAC Bx 6,48h,Trametinib,2.0um,D2,1.0115,1.1115000000000002,91.00314889788574,True
PDAC Bx 6,48h,Vemurafenib,2.0um,B3,0.6945000000000001,1.1115000000000002,62.48313090418354,True
PDAC Bx 6,48h,Vemurafenib,2.0um,C3,0.2645,1.1115000000000002,23.796671165092217,True
PDAC Bx 6,48h,Vemurafenib,2.0um,D3,1.6915,1.1115000000000002,152.18173639226268,True
PDAC Bx 7,24h,FOLFIRINOX,2uM Leucovorin: 1uM 5-FU: 0.1uM Oxali,,1.048,0.8943333333333333,117.18225866567278,True
PDAC Bx 7,24h,FOLFIRINOX,2uM Leucovorin: 1uM 5-FU: 0.1uM Oxali,,0.851,0.8943333333333333,95.15467759970183,True
PDAC Bx 7,24h,FOLFIRINOX,2uM Leucovorin: 1uM 5-FU: 0.1uM Oxali,,1.146,0.8943333333333333,128.14014163250093,True
PDAC Bx 7,24h,RMC-7977,50nM,,0.844,0.8943333333333333,94.3719716734998,True
PDAC Bx 7,24h,RMC-7977,50nM,,0.871,0.8943333333333333,97.39098024599329,True
PDAC Bx 7,24h,RMC-7977,50nM,,1.124,0.8943333333333333,125.68020872158033,True
PDAC Bx 7,24h,Trametinib,2uM,,0.834,0.8943333333333333,93.25382035035408,True
PDAC Bx 7,24h,Trametinib,2uM,,0.894,0.8943333333333333,99.96272828922848,True
PDAC Bx 7,24h,Trametinib,2uM,,0.95,0.8943333333333333,106.22437569884458,True
PDAC Bx 7,24h,Staurosporine,10uM,,0.006,0.8943333333333333,0.6708907938874394,True
PDAC Bx 7,24h,Staurosporine,10uM,,0.011,0.8943333333333333,1.2299664554603056,True
PDAC Bx 7,24h,Staurosporine,10uM,,0.029,0.8943333333333333,3.2426388371226245,True
PDAC Bx 7,48h,FOLFIRINOX,2uM Leucovorin: 1uM 5-FU: 0.1uM Oxali,,2.349,1.712,137.20794392523368,True
PDAC Bx 7,48h,FOLFIRINOX,2uM Leucovorin: 1uM 5-FU: 0.1uM Oxali,,1.757,1.712,102.6285046728972,True
PDAC Bx 7,48h,FOLFIRINOX,2uM Leucovorin: 1uM 5-FU: 0.1uM Oxali,,2.01,1.712,117.40654205607476,True
PDAC Bx 7,48h,RMC-7977,50nM,,1.431,1.712,83.58644859813084,True
PDAC Bx 7,48h,RMC-7977,50nM,,1.599,1.712,93.39953271028038,True
PDAC Bx 7,48h,RMC-7977,50nM,,2.19,1.712,127.92056074766356,True
PDAC Bx 7,48h,Trametinib,2uM,,1.151,1.712,67.23130841121495,True
PDAC Bx 7,48h,Trametinib,2uM,,1.799,1.712,105.08177570093459,True
PDAC Bx 7,48h,Trametinib,2uM,,1.638,1.712,95.67757009345793,True
PDAC Bx 7,48h,Staurosporine,10uM,,0.006,1.712,0.35046728971962615,True
PDAC Bx 7,48h,Staurosporine,10uM,,0.011,1.712,0.6425233644859812,True
PDAC Bx 7,48h,Staurosporine,10uM,,0.029,1.712,1.69392523364486,True
PDAC Bx 7,72h,FOLFIRINOX,2uM Leucovorin: 1uM 5-FU: 0.1uM Oxali,,1.281,1.7193333333333332,74.50562233423808,True
PDAC Bx 7,72h,FOLFIRINOX,2uM Leucovorin: 1uM 5-FU: 0.1uM Oxali,,1.851,1.7193333333333332,107.65800697944941,True
PDAC Bx 7,72h,FOLFIRINOX,2uM Leucovorin: 1uM 5-FU: 0.1uM Oxali,,1.925,1.7193333333333332,111.96200077549439,True
PDAC Bx 7,72h,RMC-7977,50nM,,1.45,1.7193333333333332,84.33501357115162,True
PDAC Bx 7,72h,RMC-7977,50nM,,1.791,1.7193333333333332,104.16828227995347,True
PDAC Bx 7,72h,RMC-7977,50nM,,2.463,1.7193333333333332,143.2531989143079,True
PDAC Bx 7,72h,Trametinib,2uM,,0.916,1.7193333333333332,53.276463745637855,True
PDAC Bx 7,72h,Trametinib,2uM,,1.783,1.7193333333333332,103.70298565335402,True
PDAC Bx 7,72h,Trametinib,2uM,,1.71,1.7193333333333332,99.45715393563398,True
PDAC Bx 7,72h,Staurosporine,10uM,,0.006,1.7193333333333332,0.3489724699495929,True
PDAC Bx 7,72h,Staurosporine,10uM,,0.011,1.7193333333333332,0.6397828615742536,True
PDAC Bx 7,72h,Staurosporine,10uM,,0.029,1.7193333333333332,1.6867002714230326,True
