sample,timepoint,n_control_wells,mean,sd,dmso_cv,qc
Liver Bx 10,24h,2,0.6565000000000001,0.0021213203435596446,0.0032312571874480492,PASS
Liver Bx 10,48h,2,0.44599999999999995,0.052325901807804526,0.1173226497932837,PASS
Liver Bx 4,24h,2,0.901,0.5331585130146569,0.5917408579518945,FAIL (CV > 20%)
Liver Bx 4,48h,2,0.9405000000000001,0.25102290732122434,0.2669036760459589,FAIL (CV > 20%)
Liver Bx 5,24h,2,0.22249999999999998,0.02404163056034256,0.10805227218131488,PASS
Liver Bx 6,24h,2,0.5739999999999998,0.4772970773009195,0.8315280092350517,FAIL (CV > 20%)
Liver Bx 6,48h,2,1.5130000000000001,1.096015510839149,0.7243988835685056,FAIL (CV > 20%)
Liver Bx 7,24h,1,1.115,,,UNKNOWN (single control well)
Liver Bx 7,48h,1,0.865,,,UNKNOWN (single control well)
Liver Bx 8,24h,2,0.9435,0.290620887067671,0.30802425762339264,FAIL (CV > 20%)
Liver Bx 8,48h,2,1.0385,0.27789296500631305,0.2675907222015533,FAIL (CV > 20%)
Liver Bx 9,24h,3,0.689,0.19745379206285196,0.2865802497283773,FAIL (CV > 20%)
Liver Bx 9,48h,1,0.476,,,UNKNOWN (single control well)
PDAC Bx 3,24h,4,1.90375,0.21836876302865904,0.11470453737552674,PASS
PDAC Bx 3,48h,4,1.6925,0.1425353757259346,0.08421587930631293,PASS
PDAC Bx 4,24h,4,1.63925,0.46255909532368567,0.28217727334066534,FAIL (CV > 20%)
PDAC Bx 4,48h,4,1.69375,0.43322771148669614,0.25578019866373203,FAIL (CV > 20%)
PDAC Bx 5,24h,8,1.9680000000000004,0.4692605124783339,0.23844538235687693,FAIL (CV > 20%)
PDAC Bx 5,48h,8,1.5025,0.5452176498558037,0.36287364383081777,FAIL (CV > 20%)
PDAC Bx 6,24h,3,0.9881666666666667,0.6221465529385607,0.6295967815198792,FAIL (CV > 20%)
PDAC Bx 6,48h,3,1.1115000000000002,0.7805120114386453,0.7022150350325194,FAIL (CV > 20%)
PDAC Bx 7,24h,3,0.8943333333333333,0.2816599604724344,0.3149384574794272,FAIL (CV > 20%)
PDAC Bx 7,48h,3,1.7120000000000004,0.4516104516062489,0.263791151639164,FAIL (CV > 20%)
PDAC Bx 7,72h,3,1.7193333333333332,0.5034921383034032,0.2928414918399011,FAIL (CV > 20%)
Peritoneum Bx 2,24h,8,1.4301249999999999,0.3821629934614662,0.26722348987778427,FAIL (CV > 20%)
Peritoneum Bx 2,48h,8,1.660375,0.2323697407765724,0.1399501563059986,PASS
