sample,timepoint,drug,concentration,well,normalised
Liver Bx 4,24h,FOLFIRINOX,1.0 : 0.5 : 0.5 : 0.05,A1,1.079
Liver Bx 4,24h,FOLFIRINOX,1.0 : 0.5 : 0.5 : 0.05,B1,1.045
Liver Bx 4,24h,DMSO,DMSO,A2,0.524
Liver Bx 4,24h,DMSO,DMSO,B2,1.278
Liver Bx 4,48h,FOLFIRINOX,1.0 : 0.5 : 0.5 : 0.05,A1,0.8860000000000001
Liver Bx 4,48h,FOLFIRINOX,1.0 : 0.5 : 0.5 : 0.05,B1,0.948
Liver Bx 4,48h,DMSO,DMSO,A2,0.7630000000000001
Liver Bx 4,48h,DMSO,DMSO,B2,1.118
Liver Bx 5,24h,FOLFIRINOX,1000nm:500nm:500nm:50nm,A1,0.24249999999999994
Liver Bx 5,24h,FOLFIRINOX,1000nm:500nm:500nm:50nm,A2,0.25349999999999995
Liver Bx 5,24h,Gem/nab-Pac,500nm:100nm,A3,0.1375
Liver Bx 5,24h,Gem/nab-Pac,500nm:100nm,A4,0.1905
Liver Bx 5,24h,RMC-7977,20nmol,A5,0.09049999999999997
Liver Bx 5,24h,RMC-7977,20nmol,A6,0.14649999999999996
Liver Bx 5,24h,DMSO,,B1,0.23949999999999994
Liver Bx 5,24h,DMSO,,B2,0.20550000000000002
Liver Bx 6,24h,FOLFIRINOX,1000nm:500nm:500nm:50nm,A1,1.8295
Liver Bx 6,24h,FOLFIRINOX,1000nm:500nm:500nm:50nm,B1,1.3205
Liver Bx 6,24h,Gem/nab-Pac,500nm:100nm,A2,1.0045000000000002
Liver Bx 6,24h,Gem/nab-Pac,500nm:100nm,B2,0.8175
Liver Bx 6,24h,RMC-7977,20nmol,A3,1.3054999999999999
Liver Bx 6,24h,RMC-7977,20nmol,B3,1.8005
Liver Bx 6,24h,DMSO,,A4,0.9114999999999999
Liver Bx 6,24h,DMSO,,B4,0.23649999999999993
Liver Bx 6,48h,FOLFIRINOX,1000nm:500nm:500nm:50nm,A1,1.867
Liver Bx 6,48h,FOLFIRINOX,1000nm:500nm:500nm:50nm,B1,1.637
Liver Bx 6,48h,Gem/nab-Pac,500nm:100nm,A2,1.7810000000000001
Liver Bx 6,48h,Gem/nab-Pac,500nm:100nm,B2,1.038
Liver Bx 6,48h,RMC-7977,20nmol,A3,1.543
Liver Bx 6,48h,RMC-7977,20nmol,B3,1.322
Liver Bx 6,48h,DMSO,,A4,2.2880000000000003
Liver Bx 6,48h,DMSO,,B4,0.738
Liver Bx 7,24h,FOLFIRINOX,2000nm:1000nm:1000nm:100nm,A1,0.16499999999999998
Liver Bx 7,24h,Trametinib,2uM,A2,0.9690000000000001
Liver Bx 7,24h,Vemurafenib,2uM,A3,1.125
Liver Bx 7,24h,DMSO,,A4,1.115
Liver Bx 7,48h,FOLFIRINOX,2000nm:1000nm:1000nm:100nm,A1,0.044999999999999984
Liver Bx 7,48h,Trametinib,2uM,A2,0.16799999999999998
Liver Bx 7,48h,Vemurafenib,2uM,A3,0.79
Liver Bx 7,48h,DMSO,,A4,0.865
Liver Bx 8,24h,FOLFIRINOX,1000nm:500nm:500nm:50nm,B1,1.0619999999999998
Liver Bx 8,24h,Gem/nab-Pac,500nm:100nm,B2,1.2109999999999999
Liver Bx 8,24h,RMC-7977,20nmol,B3,0.281
Liver Bx 8,24h,Trametinib,,B4,0.803
Liver Bx 8,24h,DMSO,,B5,1.149
Liver Bx 8,24h,DMSO,,B6,0.7380000000000001
Liver Bx 8,48h,FOLFIRINOX,1000nm:500nm:500nm:50nm,B1,1.44
Liver Bx 8,48h,Gem/nab-Pac,500nm:100nm,B2,1.3519999999999999
Liver Bx 8,48h,RMC-7977,20nmol,B3,-0.0020000000000000018
Liver Bx 8,48h,Trametinib,,B4,0.53
Liver Bx 8,48h,DMSO,,B5,1.2349999999999999
Liver Bx 8,48h,DMSO,,B6,0.8420000000000001
Liver Bx 9,24h,FOLFIRINOX,2000nm:1000nm:1000nm:100nm,A1,0.595
Liver Bx 9,24h,Gem/nab-Pac,"1.5uM, 0.3uM",A2,0.07400000000000001
Liver Bx 9,24h,RMC-7977,50nM,A3,0.5374999999999999
Liver Bx 9,24h,Trametinib,2uMol,A4,0.528
Liver Bx 9,24h,DMSO,0.01,A5,0.8029999999999999
Liver Bx 9,24h,FOLFIRINOX,2000nm:1000nm:1000nm:100nm,A1,0.595
Liver Bx 9,24h,Gem/nab-Pac,"1.5uM, 0.3uM",A2,0.07400000000000001
Liver Bx 9,24h,RMC-7977,50nM,A3,0.6239999999999999
Liver Bx 9,24h,Trametinib,2uMol,A4,0.528
Liver Bx 9,24h,DMSO,0.01,A5,0.8029999999999999
Liver Bx 9,24h,FOLFIRINOX,2000nm:1000nm:1000nm:100nm,A1,0.27399999999999997
Liver Bx 9,24h,Gem/nab-Pac,"1.5uM, 0.3uM",A2,-0.008000000000000007
Liver Bx 9,24h,RMC-7977,50nM,A3,0.09500000000000003
Liver Bx 9,24h,Trametinib,2uMol,A4,0.15399999999999997
Liver Bx 9,24h,DMSO,0.01,A5,0.461
Liver Bx 9,48h,FOLFIRINOX,2000nm:1000nm:1000nm:100nm,A1,0.2889999999999999
Liver Bx 9,48h,Gem/nab-Pac,"1.5uM, 0.3uM",A2,0.006999999999999951
Liver Bx 9,48h,RMC-7977,50nM,A3,0.10999999999999999
Liver Bx 9,48h,Trametinib,2uMol,A4,0.16899999999999993
Liver Bx 9,48h,DMSO,0.01,A5,0.476
Liver Bx 10,24h,FOLFIRINOX,,A,0.87
Liver Bx 10,24h,Gem/nab-Pac,,A,0.312
Liver Bx 10,24h,RMC-7977,,A,0.15
Liver Bx 10,24h,Trametinib,,A,0.571
Liver Bx 10,24h,DMSO,,A,0.658
Liver Bx 10,24h,FOLFIRINOX,,B,0.575
Liver Bx 10,24h,Gem/nab-Pac,,B,0.58
Liver Bx 10,24h,RMC-7977,,B,0.128
Liver Bx 10,24h,Trametinib,,B,0.429
Liver Bx 10,24h,FOLFIRINOX,,C,0.333
Liver Bx 10,24h,Gem/nab-Pac,,C,0.558
Liver Bx 10,24h,RMC-7977,,C,0.157
Liver Bx 10,24h,DMSO,,C,0.655
Liver Bx 10,48h,FOLFIRINOX,,A,0.22
Liver Bx 10,48h,Gem/nab-Pac,,A,-0.012
Liver Bx 10,48h,RMC-7977,,A,0.041
Liver Bx 10,48h,Trametinib,,A,0.058
Liver Bx 10,48h,DMSO,,A,0.483
Liver Bx 10,48h,FOLFIRINOX,,B,0.045
Liver Bx 10,48h,Gem/nab-Pac,,B,0.112
Liver Bx 10,48h,RMC-7977,,B,-0.009
Liver Bx 10,48h,Trametinib,,B,0.024
Liver Bx 10,48h,FOLFIRINOX,,C,0.026
Liver Bx 10,48h,Gem/nab-Pac,,C,0.178
Liver Bx 10,48h,RMC-7977,,C,-0.005
Liver Bx 10,48h,DMSO,,C,0.409
Peritoneum Bx 2,24h,FOLFIRINOX,1000nm:500nm:500nm:50nm,A1,0.7565000000000001
Peritoneum Bx 2,24h,FOLFIRINOX,1000nm:500nm:500nm:50nm,B1,0.9015000000000001
Peritoneum Bx 2,24h,FOLFIRINOX,1000nm:500nm:500nm:50nm,A2,1.1204999999999998
Peritoneum Bx 2,24h,FOLFIRINOX,1000nm:500nm:500nm:50nm,B2,1.6495000000000002
Peritoneum Bx 2,24h,Gem/nab-Pac,500nm:100nm,A3,0.9514999999999999
Peritoneum Bx 2,24h,Gem/nab-Pac,500nm:100nm,B3,1.7405
Peritoneum Bx 2,24h,Gem/nab-Pac,500nm:100nm,A4,1.2254999999999998
Peritoneum Bx 2,24h,Gem/nab-Pac,500nm:100nm,B4,1.3504999999999998
Peritoneum Bx 2,24h,DMSO,,A5,1.5815000000000001
Peritoneum Bx 2,24h,DMSO,,B5,1.0114999999999998
Peritoneum Bx 2,24h,DMSO,,A6,1.2605
Peritoneum Bx 2,24h,DMSO,,B6,1.0394999999999999
Peritoneum Bx 2,24h,RMC-7977,20nmol,C1,1.2774999999999999
Peritoneum Bx 2,24h,RMC-7977,20nmol,D1,1.5815000000000001
Peritoneum Bx 2,24h,RMC-7977,20nmol,C2,1.7905000000000002
Peritoneum Bx 2,24h,RMC-7977,20nmol,D2,1.6785
Peritoneum Bx 2,24h,Staurosporine,5uMol,C3,1.5895000000000001
Peritoneum Bx 2,24h,Staurosporine,5uMol,D3,1.6364999999999998
Peritoneum Bx 2,24h,Staurosporine,5uMol,C4,1.0215
Peritoneum Bx 2,24h,Staurosporine,5uMol,D4,1.0474999999999999
Peritoneum Bx 2,24h,DMSO,,C5,1.1595
Peritoneum Bx 2,24h,DMSO,,D5,1.5065
Peritoneum Bx 2,24h,DMSO,,C6,1.7965
Peritoneum Bx 2,24h,DMSO,,D6,2.0855
Peritoneum Bx 2,48h,FOLFIRINOX,1000nm:500nm:500nm:50nm,A1,0.7390000000000001
Peritoneum Bx 2,48h,FOLFIRINOX,1000nm:500nm:500nm:50nm,B1,1.115
Peritoneum Bx 2,48h,FOLFIRINOX,1000nm:500nm:500nm:50nm,A2,1.7599999999999998
Peritoneum Bx 2,48h,FOLFIRINOX,1000nm:500nm:500nm:50nm,B2,1.8530000000000002
Peritoneum Bx 2,48h,Gem/nab-Pac,500nm:100nm,A3,1.471
Peritoneum Bx 2,48h,Gem/nab-Pac,500nm:100nm,B3,1.506
Peritoneum Bx 2,48h,Gem/nab-Pac,500nm:100nm,A4,1.594
Peritoneum Bx 2,48h,Gem/nab-Pac,500nm:100nm,B4,1.492
Peritoneum Bx 2,48h,DMSO,,A5,1.7320000000000002
Peritoneum Bx 2,48h,DMSO,,B5,1.307
Peritoneum Bx 2,48h,DMSO,,A6,1.624
Peritoneum Bx 2,48h,DMSO,,B6,1.45
Peritoneum Bx 2,48h,RMC-7977,20nmol,C1,1.599
Peritoneum Bx 2,48h,RMC-7977,20nmol,D1,1.783
Peritoneum Bx 2,48h,RMC-7977,20nmol,C2,2.066
Peritoneum Bx 2,48h,RMC-7977,20nmol,D2,1.8940000000000001
Peritoneum Bx 2,48h,Staurosporine,5uMol,C3,1.6229999999999998
Peritoneum Bx 2,48h,Staurosporine,5uMol,D3,1.244
Peritoneum Bx 2,48h,Staurosporine,5uMol,C4,0.974
Peritoneum Bx 2,48h,Staurosporine,5uMol,D4,0.9079999999999999
Peritoneum Bx 2,48h,DMSO,,C5,1.581
Peritoneum Bx 2,48h,DMSO,,D5,1.6600000000000001
Peritoneum Bx 2,48h,DMSO,,C6,1.8900000000000001
Peritoneum Bx 2,48h,DMSO,,D6,2.039
PDAC Bx 3,24h,FOLFIRINOX,1.0 : 0.5 : 0.5 : 0.05,A1,2.3875
PDAC Bx 3,24h,FOLFIRINOX,1.0 : 0.5 : 0.5 : 0.05,B1,1.3985
PDAC Bx 3,24h,FOLFIRINOX,1.0 : 0.5 : 0.5 : 0.05,A2,1.8784999999999998
PDAC Bx 3,24h,FOLFIRINOX,1.0 : 0.5 : 0.5 : 0.05,B2,1.7635
PDAC Bx 3,24h,FOLFIRINOX,0.5 : 0.25 : 0.25 : 0.025,A3,1.3305
PDAC Bx 3,24h,FOLFIRINOX,0.5 : 0.25 : 0.25 : 0.025,B3,1.6075
PDAC Bx 3,24h,FOLFIRINOX,0.5 : 0.25 : 0.25 : 0.025,A4,1.7934999999999999
PDAC Bx 3,24h,FOLFIRINOX,0.5 : 0.25 : 0.25 : 0.025,B4,1.4324999999999999
PDAC Bx 3,24h,DMSO,,A5,1.6085
PDAC Bx 3,24h,DMSO,,B5,1.8685
PDAC Bx 3,24h,DMSO,,C6,2.0725
PDAC Bx 3,24h,DMSO,,D6,2.0655
PDAC Bx 3,48h,FOLFIRINOX,1.0 : 0.5 : 0.5 : 0.05,A1,2.0650000000000004
PDAC Bx 3,48h,FOLFIRINOX,1.0 : 0.5 : 0.5 : 0.05,B1,1.39
PDAC Bx 3,48h,FOLFIRINOX,1.0 : 0.5 : 0.5 : 0.05,A2,1.582
PDAC Bx 3,48h,FOLFIRINOX,1.0 : 0.5 : 0.5 : 0.05,B2,1.311
PDAC Bx 3,48h,FOLFIRINOX,0.5 : 0.25 : 0.25 : 0.025,A3,1.37
PDAC Bx 3,48h,FOLFIRINOX,0.5 : 0.25 : 0.25 : 0.025,B3,1.6409999999999998
PDAC Bx 3,48h,FOLFIRINOX,0.5 : 0.25 : 0.25 : 0.025,A4,1.7249999999999999
PDAC Bx 3,48h,FOLFIRINOX,0.5 : 0.25 : 0.25 : 0.025,B4,1.23
PDAC Bx 3,48h,DMSO,,A5,1.7380000000000002
PDAC Bx 3,48h,DMSO,,B5,1.488
PDAC Bx 3,48h,DMSO,,C6,1.8190000000000002
PDAC Bx 3,48h,DMSO,,D6,1.7249999999999999
PDAC Bx 4,24h,FOLFIRINOX,1.0 : 0.5 : 0.5 : 0.05,A1,0.8730000000000001
PDAC Bx 4,24h,FOLFIRINOX,1.0 : 0.5 : 0.5 : 0.05,B1,0.936
PDAC Bx 4,24h,FOLFIRINOX,1.0 : 0.5 : 0.5 : 0.05,A2,0.7820000000000001
PDAC Bx 4,24h,FOLFIRINOX,1.0 : 0.5 : 0.5 : 0.05,B2,1.3239999999999998
PDAC Bx 4,24h,FOLFIRINOX,0.5 : 0.25 : 0.25 : 0.025,A3,1.525
PDAC Bx 4,24h,FOLFIRINOX,0.5 : 0.25 : 0.25 : 0.025,B3,1.121
PDAC Bx 4,24h,FOLFIRINOX,0.5 : 0.25 : 0.25 : 0.025,A4,1.158
PDAC Bx 4,24h,FOLFIRINOX,0.5 : 0.25 : 0.25 : 0.025,B4,2.074
PDAC Bx 4,24h,DMSO,,A5,1.7439999999999998
PDAC Bx 4,24h,DMSO,,B5,1.6520000000000001
PDAC Bx 4,24h,DMSO,,C6,2.139
PDAC Bx 4,24h,DMSO,,D6,1.0220000000000002
PDAC Bx 4,48h,FOLFIRINOX,1.0 : 0.5 : 0.5 : 0.05,A1,2.0085
PDAC Bx 4,48h,FOLFIRINOX,1.0 : 0.5 : 0.5 : 0.05,B1,0.6794999999999999
PDAC Bx 4,48h,FOLFIRINOX,1.0 : 0.5 : 0.5 : 0.05,A2,0.9245
PDAC Bx 4,48h,FOLFIRINOX,1.0 : 0.5 : 0.5 : 0.05,B2,1.3984999999999999
PDAC Bx 4,48h,FOLFIRINOX,0.5 : 0.25 : 0.25 : 0.025,A3,1.5844999999999998
PDAC Bx 4,48h,FOLFIRINOX,0.5 : 0.25 : 0.25 : 0.025,B3,1.3515000000000001
PDAC Bx 4,48h,FOLFIRINOX,0.5 : 0.25 : 0.25 : 0.025,A4,1.1715
PDAC Bx 4,48h,FOLFIRINOX,0.5 : 0.25 : 0.25 : 0.025,B4,2.4045
PDAC Bx 4,48h,DMSO,,A5,1.8545000000000003
PDAC Bx 4,48h,DMSO,,B5,1.5804999999999998
PDAC Bx 4,48h,DMSO,,C6,2.1815
PDAC Bx 4,48h,DMSO,,D6,1.1585
PDAC Bx 5,24h,FOLFIRINOX,1000nm:500nm:500nm:50nm,A1,1.5765
PDAC Bx 5,24h,FOLFIRINOX,1000nm:500nm:500nm:50nm,B1,1.1844999999999999
PDAC Bx 5,24h,FOLFIRINOX,1000nm:500nm:500nm:50nm,A2,1.8845
PDAC Bx 5,24h,FOLFIRINOX,1000nm:500nm:500nm:50nm,B2,0.7555000000000001
PDAC Bx 5,24h,Gem/nab-Pac,500nm:100nm,A3,1.2375
PDAC Bx 5,24h,Gem/nab-Pac,500nm:100nm,B3,1.3835
PDAC Bx 5,24h,Gem/nab-Pac,500nm:100nm,A4,1.2185
PDAC Bx 5,24h,Gem/nab-Pac,500nm:100nm,B4,1.1205
PDAC Bx 5,24h,DMSO,,A5,2.4965
PDAC Bx 5,24h,DMSO,,B5,1.8355000000000001
PDAC Bx 5,24h,DMSO,,A6,1.1255
PDAC Bx 5,24h,DMSO,,B6,1.7795
PDAC Bx 5,24h,RMC-7977,20nmol,C1,1.1455
PDAC Bx 5,24h,RMC-7977,20nmol,D1,1.1395
PDAC Bx 5,24h,RMC-7977,20nmol,C2,1.9805000000000001
PDAC Bx 5,24h,RMC-7977,20nmol,D2,1.3475
PDAC Bx 5,24h,Staurosporine,5uMol,C3,1.2854999999999999
PDAC Bx 5,24h,Staurosporine,5uMol,D3,1.4115
PDAC Bx 5,24h,Staurosporine,5uMol,C4,0.5095000000000001
PDAC Bx 5,24h,Staurosporine,5uMol,D4,1.1595
PDAC Bx 5,24h,DMSO,,C5,2.3045
PDAC Bx 5,24h,DMSO,,D5,2.2944999999999998
PDAC Bx 5,24h,DMSO,,C6,1.5805
PDAC Bx 5,24h,DMSO,,D6,2.3275
PDAC Bx 5,48h,FOLFIRINOX,1000nm:500nm:500nm:50nm,A1,1.187
PDAC Bx 5,48h,FOLFIRINOX,1000nm:500nm:500nm:50nm,B1,1.155
PDAC Bx 5,48h,FOLFIRINOX,1000nm:500nm:500nm:50nm,A2,1.354
PDAC Bx 5,48h,FOLFIRINOX,1000nm:500nm:500nm:50nm,B2,0.377
PDAC Bx 5,48h,Gem/nab-Pac,500nm:100nm,A3,0.752
PDAC Bx 5,48h,Gem/nab-Pac,500nm:100nm,B3,0.756
PDAC Bx 5,48h,Gem/nab-Pac,500nm:100nm,A4,0.796
PDAC Bx 5,48h,Gem/nab-Pac,500nm:100nm,B4,0.829
PDAC Bx 5,48h,DMSO,,A5,2.146
PDAC Bx 5,48h,DMSO,,B5,1.607
PDAC Bx 5,48h,DMSO,,A6,0.8089999999999999
PDAC Bx 5,48h,DMSO,,B6,1.07
PDAC Bx 5,48h,RMC-7977,20nmol,C1,0.4690000000000001
PDAC Bx 5,48h,RMC-7977,20nmol,D1,0.29400000000000004
PDAC Bx 5,48h,RMC-7977,20nmol,C2,1.7309999999999999
PDAC Bx 5,48h,RMC-7977,20nmol,D2,0.9000000000000001
PDAC Bx 5,48h,Staurosporine,5uMol,C3,0.381
PDAC Bx 5,48h,Staurosporine,5uMol,D3,0.14600000000000002
PDAC Bx 5,48h,Staurosporine,5uMol,C4,0.01200000000000001
PDAC Bx 5,48h,Staurosporine,5uMol,D4,0.15000000000000002
PDAC Bx 5,48h,DMSO,,C5,2.059
PDAC Bx 5,48h,DMSO,,D5,2.109
PDAC Bx 5,48h,DMSO,,C6,1.143
PDAC Bx 5,48h,DMSO,,D6,1.077
PDAC Bx 6,24h,FOLFIRINOX,2um: 1um: 0.5um,B1,1.0365
PDAC Bx 6,24h,FOLFIRINOX,2um: 1um: 0.5um,C1,0.5115000000000001
PDAC Bx 6,24h,FOLFIRINOX,2um: 1um: 0.5um,D1,2.6725
PDAC Bx 6,24h,Trametinib,2.0uM,B2,0.7625
PDAC Bx 6,24h,Trametinib,2.0um,C2,0.5205
PDAC Bx 6,24h,Trametinib,2.0um,D2,1.2955
PDAC Bx 6,24h,Vemurafenib,2.0um,B3,0.9345000000000001
PDAC Bx 6,24h,Vemurafenib,2.0um,C3,0.33149999999999996
PDAC Bx 6,24h,Vemurafenib,2.0um,D3,1.3575000000000002
PDAC Bx 6,24h,DMSO,,B4,0.31050000000000005
PDAC Bx 6,24h,DMSO,,C4,1.1205
PDAC Bx 6,24h,DMSO,,D4,1.5335
PDAC Bx 6,48h,FOLFIRINOX,2um: 1um: 0.5um,B1,0.6435
PDAC Bx 6,48h,FOLFIRINOX,2um: 1um: 0.5um,C1,0.4935
PDAC Bx 6,48h,FOLFIRINOX,2um: 1um: 0.5um,D1,2.4655
PDAC Bx 6,48h,Trametinib,2.0uM,B2,0.5315000000000001
PDAC Bx 6,48h,Trametinib,2.0um,C2,0.30450000000000005
PDAC Bx 6,48h,Trametinib,2.0um,D2,1.0115
PDAC Bx 6,48h,Vemurafenib,2.0um,B3,0.6945000000000001
PDAC Bx 6,48h,Vemurafenib,2.0um,C3,0.2645
PDAC Bx 6,48h,Vemurafenib,2.0um,D3,1.6915
PDAC Bx 6,48h,DMSO,,B4,0.32850000000000007
PDAC Bx 6,48h,DMSO,,C4,1.1165
PDAC Bx 6,48h,DMSO,,D4,1.8895
PDAC Bx 7,24h,FOLFIRINOX,2uM Leucovorin: 1uM 5-FU: 0.1uM Oxali,,1.048
PDAC Bx 7,24h,FOLFIRINOX,2uM Leucovorin: 1uM 5-FU: 0.1uM Oxali,,0.851
PDAC Bx 7,24h,FOLFIRINOX,2uM Leucovorin: 1uM 5-FU: 0.1uM Oxali,,1.146
PDAC Bx 7,24h,RMC-7977,50nM,,0.844
PDAC Bx 7,24h,RMC-7977,50nM,,0.871
PDAC Bx 7,24h,RMC-7977,50nM,,1.124
PDAC Bx 7,24h,Trametinib,2uM,,0.834
PDAC Bx 7,24h,Trametinib,2uM,,0.894
PDAC Bx 7,24h,Trametinib,2uM,,0.95
PDAC Bx 7,24h,DMSO,,,0.658
PDAC Bx 7,24h,DMSO,,,0.819
PDAC Bx 7,24h,DMSO,,,1.206
PDAC Bx 7,24h,Staurosporine,10uM,,0.006
PDAC Bx 7,24h,Staurosporine,10uM,,0.011
PDAC Bx 7,24h,Staurosporine,10uM,,0.029
PDAC Bx 7,48h,FOLFIRINOX,2uM Leucovorin: 1uM 5-FU: 0.1uM Oxali,,2.349
PDAC Bx 7,48h,FOLFIRINOX,2uM Leucovorin: 1uM 5-FU: 0.1uM Oxali,,1.757
PDAC Bx 7,48h,FOLFIRINOX,2uM Leucovorin: 1uM 5-FU: 0.1uM Oxali,,2.01
PDAC Bx 7,48h,RMC-7977,50nM,,1.431
PDAC Bx 7,48h,RMC-7977,50nM,,1.599
PDAC Bx 7,48h,RMC-7977,50nM,,2.19
PDAC Bx 7,48h,Trametinib,2uM,,1.151
PDAC Bx 7,48h,Trametinib,2uM,,1.799
PDAC Bx 7,48h,Trametinib,2uM,,1.638
PDAC Bx 7,48h,DMSO,,,1.356
PDAC Bx 7,48h,DMSO,,,1.56
PDAC Bx 7,48h,DMSO,,,2.22
PDAC Bx 7,48h,Staurosporine,10uM,,0.006
PDAC Bx 7,48h,Staurosporine,10uM,,0.011
PDAC Bx 7,48h,Staurosporine,10uM,,0.029
PDAC Bx 7,72h,FOLFIRINOX,2uM Leucovorin: 1uM 5-FU: 0.1uM Oxali,,1.281
PDAC Bx 7,72h,FOLFIRINOX,2uM Leucovorin: 1uM 5-FU: 0.1uM Oxali,,1.851
PDAC Bx 7,72h,FOLFIRINOX,2uM Leucovorin: 1uM 5-FU: 0.1uM Oxali,,1.925
PDAC Bx 7,72h,RMC-7977,50nM,,1.45
PDAC Bx 7,72h,RMC-7977,50nM,,1.791
PDAC Bx 7,72h,RMC-7977,50nM,,2.463
PDAC Bx 7,72h,Trametinib,2uM,,0.916
PDAC Bx 7,72h,Trametinib,2uM,,1.783
PDAC Bx 7,72h,Trametinib,2uM,,1.71
PDAC Bx 7,72h,DMSO,,,1.192
PDAC Bx 7,72h,DMSO,,,1.771
PDAC Bx 7,72h,DMSO,,,2.195
PDAC Bx 7,72h,Staurosporine,10uM,,0.006
PDAC Bx 7,72h,Staurosporine,10uM,,0.011
PDAC Bx 7,72h,Staurosporine,10uM,,0.029
