study_id,matched_sample,timepoint_hr,drug_c,raw_mean,control_mean,nrep,pct_of_control,pct_inhibition
PT-012,Liver 5,24.0,FOLFIRINOX,0.248,0.2225,2,111.46067415730336,-11.46067415730336
PT-012,Liver 5,24.0,GEM/NAB-PAC,0.164,0.2225,2,73.70786516853933,26.29213483146067
PT-012,Liver 5,24.0,RMC-7977,0.1185,0.2225,2,53.25842696629213,46.74157303370787
PT-014,,24.0,FOLFIRINOX,1.575,0.574,2,274.39024390243907,-174.39024390243907
PT-014,,24.0,GEM/NAB-PAC,0.911,0.574,2,158.71080139372825,-58.71080139372825
PT-014,,24.0,RMC-7977,1.553,0.574,2,270.55749128919865,-170.55749128919865
PT-014,Liver 6 resection 2,48.0,FOLFIRINOX,1.752,1.513,2,115.79643093192334,-15.79643093192334
PT-014,Liver 6 resection 2,48.0,GEM/NAB-PAC,1.4095,1.513,2,93.15928618638468,6.840713813615324
PT-014,Liver 6 resection 2,48.0,RMC-7977,1.4325,1.513,2,94.67944481163254,5.320555188367464
PT-015,Liver 7,48.0,FOLFIRINOX,0.045,0.865,1,5.202312138728324,94.79768786127168
PT-015,Liver 7,48.0,TRAMETINIB,0.168,0.865,1,19.42196531791908,80.57803468208093
PT-015,Liver 7,48.0,VEMURAFENIB,0.79,0.865,1,91.32947976878614,8.670520231213857
PT-024,,24.0,FOLFIRINOX,0.595,0.803,1,74.09713574097135,25.902864259028647
PT-024,,24.0,GEM/NAB-PAC,0.074,0.803,1,9.21544209215442,90.78455790784558
PT-024,,24.0,RMC-7977,0.624,0.803,1,77.70859277708593,22.291407222914074
PT-024,,24.0,TRAMETINIB,0.528,0.803,1,65.75342465753424,34.24657534246576
PT-024,,48.0,FOLFIRINOX,0.289,0.476,1,60.71428571428571,39.28571428571429
PT-024,,48.0,GEM/NAB-PAC,0.007,0.476,1,1.4705882352941178,98.52941176470588
PT-024,,48.0,RMC-7977,0.11,0.476,1,23.10924369747899,76.89075630252101
PT-024,,48.0,TRAMETINIB,0.169,0.476,1,35.50420168067227,64.49579831932773
PT-025,,24.0,FOLFIRINOX,0.5926666666666667,0.6565,3,90.27671997969028,9.723280020309716
PT-025,,24.0,GEM/NAB-PAC,0.4833333333333334,0.6565,3,73.62274689007363,26.37725310992637
PT-025,,24.0,RMC-7977,0.145,0.6565,3,22.08682406702209,77.91317593297791
PT-025,,24.0,TRAMETINIB,0.5,0.6565,2,76.16146230007617,23.838537699923837
PT-025,,48.0,FOLFIRINOX,0.0969999999999999,0.446,3,21.748878923766814,78.25112107623319
PT-025,,48.0,GEM/NAB-PAC,0.0926666666666666,0.446,3,20.777279521674146,79.22272047832585
PT-025,,48.0,RMC-7977,0.009,0.446,3,2.0179372197309418,97.98206278026906
PT-025,,48.0,TRAMETINIB,0.0266666666666666,0.446,3,5.979073243647235,94.02092675635276
