study_id,sample_label,drug,mts_pct_of_control,regimen,day,day_stop,response,day_progression,src,absday,flag,sens,benefit,rank
PT-011,PDAC 5,FOLFIRINOX,72.32,Folfirinox,-170.0,-58.0,PR,,workbook,170.0,False,False,True,2
PT-013,Umbilicus  1,FOLFIRINOX,89.46335079,mFOLFORINOX,-339.0,-283.0,SD,,workbook,339.0,False,False,True,1
PT-013,Umbilicus  1,Gem/nab-Pac,99.21465969,GemNab,-269.0,-223.0,PD,,workbook,269.0,False,False,False,0
PT-014,Liver 6 resection 2,FOLFIRINOX,115.7964309,mFOLFIRINOX,-8.0,41.0,SD,,chart,8.0,False,False,True,1
PT-014,Liver 6 resection 2,Gem/nab-Pac,93.15928619,Gem/nab-paclitaxel,62.0,,PD,,chart,62.0,False,False,False,0
PT-015,Liver 7,FOLFIRINOX,5.2,FOLFIRINOX,-353.0,139.0,PR,,chart,353.0,False,True,True,2
PT-015,Liver 7,MEK inhibitor,19.42,Cobimetinib,1.0,309.0,PR,,chart,1.0,False,True,True,2
PT-023,Liver 8,FOLFIRINOX,138.6615311,Folfirinox,-1805.0,-1744.0,SD,,workbook,1805.0,True,False,True,1
PT-023,Liver 8,Gem/nab-Pac,130.1877708,GemNab,-140.0,295.0,PD,,workbook,140.0,True,False,False,0
PT-023,Liver 8,MEK inhibitor,51.03514685,Cobimetinib + Hydroxychloroquine,88.0,202.0,PD,,workbook,88.0,True,True,False,0
PT-024,Liver 9,FOLFIRINOX,60.71,FOLFIRINOX,-586.0,-474.0,PR,,chart,586.0,False,True,True,2
PT-024,Liver 9,Gem/nab-Pac,1.47,Gem/nab-paclitaxel,18.0,266.0,PR,238.0,chart,18.0,False,True,True,2
PT-025,Liver 10,Gem/nab-Pac,20.77727952,Gem/nab-paclitaxel (neoadjuvant),-326.0,-226.0,SD,,chart,326.0,False,True,True,1
