study_id,sheet,row,which_matched,lab_resp2,clinic_resp
PT-001,master,3,,,
PT-002,master,5,,,
PT-003,master,9,,,
PT-004,master,16,,,
PT-007,master,26,,,
PT-009,master,31,,,
PT-011,master,37,,,
PT-013,master,43,,,
PT-014,master,47,,,
PT-017,master,66,,,
PT-018,master,69,,,
PT-020,master,77,,,
PT-021,master,80,,,
PT-022,master,83,Gem,Yes,Yes
PT-025,master,94,,,
PT-027,master,100,Folfirinox,Yes,No
PT-027,master,101,GemPac,Yes,Yes
PT-027,master,102,,,
PT-028,master,106,Afatinib,Yes,
PT-031,master,116,,,
PT-032,master,120,GemNab,No,Yes
PT-033,master,124,mFOLFIRINOX,Yes,
PT-034,master,128,Cobimetinib + Gem,Yes,No
PT-034,master,129,,,
PT-035,master,133,Afatinib,Yes,No
PT-036,master,139,GemNab,Yes,Yes
PT-037,master,145,,,
PT-038,master,152,Folfirinox,Yes,
PT-039,master,157,Afatinib,Yes,
PT-041,master,170,,,
PT-044,master,184,,,
PT-008,sens_and_received_tx,3,Folfirinox,Yes,Yes
PT-008,sens_and_received_tx,4,,,
PT-011,sens_and_received_tx,5,Folfirinox,Yes,Yes
PT-011,sens_and_received_tx,6,,,
PT-012,sens_and_received_tx,8,Folfirinox,Yes,No
PT-015,sens_and_received_tx,11,Folfirinox,Yes,Yes
PT-015,sens_and_received_tx,12,Folfirinox,No,No
PT-015,sens_and_received_tx,13,Cobimetinib (MEK-I),Yes,Yes
PT-022,sens_and_received_tx,24,Gem,Yes,Yes
PT-022,sens_and_received_tx,25,,,
PT-023,sens_and_received_tx,27,Folfirinox,No,Yes
PT-023,sens_and_received_tx,28,GemNab,No,Yes
PT-023,sens_and_received_tx,29,Cobimetinib (MEK-I),Yes,No
PT-024,sens_and_received_tx,31,Gem,Yes,Yes
PT-024,sens_and_received_tx,32,,,
PT-025,sens_and_received_tx,35,GemPac,Yes,Yes
PT-025,sens_and_received_tx,36,Cobi (MEK-I),Yes,
PT-025,sens_and_received_tx,37,,,
PT-027,sens_and_received_tx,39,Folfirinox,Yes,No
PT-027,sens_and_received_tx,40,GemPac,Yes,Partial
PT-027,sens_and_received_tx,41,,,
PT-028,sens_and_received_tx,45,Afatinib,Yes,Partial
PT-031,sens_and_received_tx,51,Folfirinox,Yes,Yes
PT-031,sens_and_received_tx,52,,,
PT-032,sens_and_received_tx,55,GemNab,No,Yes
PT-032,sens_and_received_tx,56,Trametinib,No,No
PT-032,sens_and_received_tx,57,Folfiri,Yes,No
PT-033,sens_and_received_tx,59,mFOLFIRINOX,Yes,Yes
PT-034,sens_and_received_tx,63,Cobimetinib + Gem,Yes,No
PT-034,sens_and_received_tx,64,,,
PT-035,sens_and_received_tx,68,Afatinib,Yes,Partial
PT-036,sens_and_received_tx,74,GemNab,Yes,No
PT-037,sens_and_received_tx,80,Folfirinox,No,Yes
PT-037,sens_and_received_tx,81,GemNab,Yes,
PT-037,sens_and_received_tx,82,,,
PT-038,sens_and_received_tx,87,Folfirinox,Yes,No
PT-038,sens_and_received_tx,88,GemNab,No,Yes
PT-039,sens_and_received_tx,92,Afatinib,Yes,Yes
PT-039,sens_and_received_tx,93,Afatinib + Zenocutuzumab,Yes,Yes
PT-042,sens_and_received_tx,100,Folfirinox,Yes,No
PT-042,sens_and_received_tx,101,GemNab,Yes,No
PT-042,sens_and_received_tx,102,Cobimetinib/Selpercatinib,Yes,No
PT-042,sens_and_received_tx,103,Cobimetinib,Yes,
PT-007,no_exvivo_response,7,,,
PT-013,no_exvivo_response,10,Folfirinox,No,Yes
PT-013,no_exvivo_response,11,GemNab,No,No
PT-013,no_exvivo_response,12,,,
PT-014,no_exvivo_response,14,Folfirinox,No,Yes
PT-014,no_exvivo_response,15,GemNab,No,No
PT-014,no_exvivo_response,16,,,
PT-019,no_exvivo_response,17,Folfirinox,No,
PT-040,no_exvivo_response,20,GemNab,No,Yes
PT-017,sens_did_not_receive_tx,3,,,
PT-001,viability_only_or_no_survival,3,,,
PT-002,viability_only_or_no_survival,5,,,
PT-003,viability_only_or_no_survival,9,,,
PT-004,viability_only_or_no_survival,16,,,
PT-009,viability_only_or_no_survival,22,,,
PT-020,viability_only_or_no_survival,28,,,
PT-021,viability_only_or_no_survival,31,,,
PT-041,viability_only_or_no_survival,38,,,
PT-018,viability_only_or_no_survival,46,,,
PT-044,viability_only_or_no_survival,60,,,
