file,kind,n_sheets,n_values,study_id_from_path,sheets
Figures for submission/MTS_Liver_10.prism,prism,2,37,,[DATE] bx | [DATE] bx
Figures for submission/MTS_Liver_bx_KRAS.prism,prism,4,61,,[DATE] bx - G12R | [DATE] bx - G12R | [DATE] bx - G12V | [DATE] bx - G12D
Manuscript Drafts with Results/GraphPad Files/CA 19-9 and imaging files/Graphs for Illustrator.pzfx,pzfx,3,62,,Liver Bx [DATE] | Liver Bx7 | PDAC 5
Manuscript Drafts with Results/GraphPad Files/Core Biopsy Nuclear Density.pzfx,pzfx,16,331,,"Liver Bx,9 [DATE] | Liver Bx. [DATE] | Liver Bx. [DATE] | Liver Bx.1 | Liver Bx.2 | Liver Bx.3 STS [DATE] | Liver Bx.4 Met 1 [DATE] | Liver Bx.5 [DATE] | Liver Bx.6 Met 2 [DATE] | Liver Bx.7 [DATE] | PDAC 1 | PDAC 2 IC50 | PDAC 2 Viability | PDAC 4 [TB] [DATE] | PDAC 5 [TB] [DATE] | umbilicus [DATE]"
Manuscript Drafts with Results/GraphPad Files/Correlation analysis.pzfx,pzfx,3,184,,MTS % vs. Cleaved Caspase % | MTS % vs. Ki67 % | MTS % vs. Nuclear Density %
Manuscript Drafts with Results/GraphPad Files/Liver Bx. [DATE] IHC.pzfx,pzfx,4,80,PT-024,Liver bx. [DATE] CD45 | Liver bx. [DATE] Cleaved Caspase | Liver bx. [DATE] EpCam | Liver bx. [DATE] Ki67
Manuscript Drafts with Results/GraphPad Files/Liver Bx. [DATE] IHC.pzfx,pzfx,4,80,PT-025,Liver Bx. [DATE] CD45 | Liver Bx. [DATE] Cleaved Caspase | Liver Bx. [DATE] EpCam | Liver Bx. [DATE] Ki67
Manuscript Drafts with Results/GraphPad Files/Liver Bx.1 IHC.pzfx,pzfx,4,80,,Liver Bx.1 CD45 | Liver Bx.1 Cleaved Caspase | Liver Bx.1 EpCam | Liver Bx.1 Ki67
Manuscript Drafts with Results/GraphPad Files/Liver Bx.2 IHC.pzfx,pzfx,4,56,,Liver Bx.2 CD45 | Liver Bx.2 Cleaved Caspase | Liver Bx.2 EpCam | Liver Bx.2 Ki67
Manuscript Drafts with Results/GraphPad Files/Liver Bx.3 IC50 IHC.pzfx,pzfx,4,32,,Liver Bx.3 IC50 CD45 | Liver Bx.3 IC50 Cleaved Caspase | Liver Bx.3 IC50 EpCam | Liver Bx.3 IC50 Ki67
Manuscript Drafts with Results/GraphPad Files/Liver Bx.4 IHC.pzfx,pzfx,4,32,,Liver Bx.4 CD45 | Liver Bx.4 Cleaved Caspase | Liver Bx.4 EpCam | Liver Bx.4 Ki67
Manuscript Drafts with Results/GraphPad Files/Liver Bx.5 IHC.pzfx,pzfx,4,64,,Liver Bx.5 CD45 | Liver Bx.5 Cleaved Caspase | Liver Bx.5 EpCam | Liver Bx.5 Ki67
Manuscript Drafts with Results/GraphPad Files/Liver Bx.6 IHC.pzfx,pzfx,4,76,,Liver Bx.6 CD45 | Liver Bx.6 Cleaved Caspase | Liver Bx.6 EpCam | Liver Bx.6 Ki67
Manuscript Drafts with Results/GraphPad Files/Liver Bx.7 IHC.pzfx,pzfx,4,64,,Liver Bx.7 CD45 | Liver Bx.7 Cleaved Caspase | Liver Bx.7 EpCam | Liver Bx.7 Ki67
Manuscript Drafts with Results/GraphPad Files/PDAC Bx.1 IHC.pzfx,pzfx,4,56,,PDAC 1 CD45 | PDAC 1 Cleaved Caspase | PDAC 1 EpCam | PDAC 1 Ki67
Manuscript Drafts with Results/GraphPad Files/PDAC Bx.2 IHC.pzfx,pzfx,4,80,,PDAC 2 CD45 | PDAC 2 Cleaved Caspase | PDAC 2 EpCam | PDAC 2 Ki67
Manuscript Drafts with Results/GraphPad Files/PDAC Bx.4 IHC.pzfx,pzfx,4,32,,PDAC 4 CD45 | PDAC 4 Cleaved Caspase | PDAC 4 EpCam | PDAC 4 Ki67
Manuscript Drafts with Results/GraphPad Files/PDAC Bx.5 IHC (Autosaved).prism,prism,4,80,,PDAC 5 CD45 | PDAC 5 Cleaved Caspase | PDAC 5 Epcam | PDAC 5 Ki67
Manuscript Drafts with Results/GraphPad Files/PDAC Bx.5 IHC.pzfx,pzfx,4,96,,PDAC 5 CD45 | PDAC 5 Cleaved Caspase | PDAC 5 Epcam | PDAC 5 Ki67
Manuscript Drafts with Results/GraphPad Files/umbilicus IHC.pzfx,pzfx,4,80,,Umbilicus CD45 | Umbilicus Cleaved Caspase | Umbilicus EpCam | Umbilicus Ki67
Manuscript Drafts with Results/Manuscript Final Version/MTS_Liver_bx_KRAS.prism,prism,4,61,,[DATE] bx - G12R | [DATE] bx - G12R | [DATE] bx - G12V | [DATE] bx - G12D
Manuscript Drafts with Results/Manuscript Final Version/Manuscript Prism Files/Fig.2 Viability Liver Bx Results/1. L.Bx Surface measurement.prism,prism,1,9,,Data 1
Manuscript Drafts with Results/Manuscript Final Version/Manuscript Prism Files/Fig.2 Viability Liver Bx Results/2. L.Bx Viability.prism,prism,1,5,,Data 1
Manuscript Drafts with Results/Manuscript Final Version/Manuscript Prism Files/Fig.2 Viability Liver Bx Results/3. Manuscript Liver H&E Score.prism,prism,1,15,,Data 1
Manuscript Drafts with Results/Manuscript Final Version/Manuscript Prism Files/Fig.2 Viability Liver Bx Results/4. Liver Biopsy IHC Score.prism,prism,1,32,,Data 1
Manuscript Drafts with Results/Manuscript Final Version/Manuscript Prism Files/Fig.3 Chemo Treat Liver Bx Results/1. Liver Biopsy 6 MTS assay.prism,prism,2,11,,48h w/o vem | Data 2
Manuscript Drafts with Results/Manuscript Final Version/Manuscript Prism Files/Fig.3 Chemo Treat Liver Bx Results/2. Manuscript Liver.Bx7 H&E score.prism,prism,1,15,,Data 1
Manuscript Drafts with Results/Manuscript Final Version/Manuscript Prism Files/Fig.3 Chemo Treat Liver Bx Results/3. Manuscript Liver IHC CC3.prism,prism,2,28,,Data 1 | w/o vem
Manuscript Drafts with Results/Manuscript Final Version/Manuscript Prism Files/Fig.3 Chemo Treat Liver Bx Results/4. Manuscript Liver IHC Ki67.prism,prism,2,26,,Data 1 | w/o vem
Manuscript Drafts with Results/Manuscript Final Version/Manuscript Prism Files/Fig.3 Chemo Treat Liver Bx Results/5. Manuscript Liver IHC CD45.prism,prism,1,15,,Data 1
Manuscript Drafts with Results/Manuscript Final Version/Manuscript Prism Files/Fig.3 Chemo Treat Liver Bx Results/6. Manuscript Liver IHC EpCAM.prism,prism,1,15,,Data 1
Manuscript Drafts with Results/Manuscript Final Version/Manuscript Prism Files/Fig.4. Chemo Treat Peritoneum Bx Results/1. Manuscript Peritoneum MTS.prism,prism,1,40,,Data 1
Manuscript Drafts with Results/Manuscript Final Version/Manuscript Prism Files/Fig.4. Chemo Treat Peritoneum Bx Results/2. Manuscript Peritoneum H&E.prism,prism,1,30,,Data 1
Manuscript Drafts with Results/Manuscript Final Version/Manuscript Prism Files/Fig.4. Chemo Treat Peritoneum Bx Results/3. Manuscript Peritoneum IHC CC3.prism,prism,1,20,,Data 1
Manuscript Drafts with Results/Manuscript Final Version/Manuscript Prism Files/Fig.4. Chemo Treat Peritoneum Bx Results/4. Manuscript Peritoneum IHC KI67.prism,prism,1,20,,Data 1
Manuscript Drafts with Results/Manuscript Final Version/Manuscript Prism Files/Fig.4. Chemo Treat Peritoneum Bx Results/5. Manuscript Peritoneum IHC CD45.prism,prism,1,20,,Data 1
Manuscript Drafts with Results/Manuscript Final Version/Manuscript Prism Files/Fig.4. Chemo Treat Peritoneum Bx Results/6. Manuscript Peritoneum IHC EpCAM.prism,prism,1,20,,Data 1
Manuscript Drafts with Results/Manuscript Final Version/Manuscript Prism Files/Fig.5. Chemo Treat PDAC Bx Results/1. Manuscript PDAC MTS.prism,prism,1,40,,Data 1
Manuscript Drafts with Results/Manuscript Final Version/Manuscript Prism Files/Fig.5. Chemo Treat PDAC Bx Results/2. Manuscript PDAC H&E.prism,prism,1,19,,Data 1
Manuscript Drafts with Results/Manuscript Final Version/Manuscript Prism Files/Fig.5. Chemo Treat PDAC Bx Results/3. Manuscript PDAC IHC CC3.prism,prism,1,20,,Data 1
Manuscript Drafts with Results/Manuscript Final Version/Manuscript Prism Files/Fig.5. Chemo Treat PDAC Bx Results/4. Manuscript PDAC IHC Ki67.prism,prism,1,20,,Data 1
Manuscript Drafts with Results/Manuscript Final Version/Manuscript Prism Files/Fig.5. Chemo Treat PDAC Bx Results/5. Manuscript PDAC IHC CD45.prism,prism,1,20,,Data 1
Manuscript Drafts with Results/Manuscript Final Version/Manuscript Prism Files/Fig.5. Chemo Treat PDAC Bx Results/6. Manuscript PDAC IHC EpCAM.prism,prism,1,20,,Data 1
Manuscript Drafts with Results/Manuscript Final Version/Manuscript Prism Files/Suppl.Fig.1. Viability PDAC Bx Results/1. Manuscript PDAC Viability curve.prism,prism,1,7,,Data 1
Manuscript Drafts with Results/Manuscript Final Version/Manuscript Prism Files/Suppl.Fig.1. Viability PDAC Bx Results/2. Manuscript PDAC Viability H&E.prism,prism,1,29,,Data 1
Manuscript Drafts with Results/Manuscript Final Version/Manuscript Prism Files/Suppl.Fig.1. Viability PDAC Bx Results/3. Manuscript PDAC Viability IHC.prism,prism,1,32,,Data 1
