cutoff,exclude_tissue_exhausted,qc_gate,exclude_class_level,partial_counts_as_response,n_pairs,n_patients,TP,FP,FN,TN,accuracy,fisher_p,spearman_rho
30,True,True,True,True,5,4,1,1,1,2,60.0,1.0,-0.738
30,True,True,True,False,5,4,1,1,1,2,60.0,1.0,-0.738
30,True,True,False,True,6,4,1,2,1,2,50.0,1.0,-0.617
30,True,True,False,False,6,4,1,2,1,2,50.0,1.0,-0.617
30,True,False,True,True,7,5,1,1,1,4,71.4,1.0,-0.661
30,True,False,True,False,7,5,1,1,1,4,71.4,1.0,-0.661
30,True,False,False,True,8,5,1,2,1,4,62.5,1.0,-0.617
30,True,False,False,False,8,5,1,2,1,4,62.5,1.0,-0.617
30,False,True,True,True,7,5,1,1,1,4,71.4,1.0,-0.661
30,False,True,True,False,7,5,1,1,1,4,71.4,1.0,-0.661
30,False,True,False,True,9,5,1,3,1,4,55.6,1.0,-0.463
30,False,True,False,False,9,5,1,3,1,4,55.6,1.0,-0.463
30,False,False,True,True,9,6,1,1,1,6,77.8,0.417,-0.57
30,False,False,True,False,9,6,1,1,1,6,77.8,0.417,-0.57
30,False,False,False,True,11,6,1,3,1,6,63.6,1.0,-0.427
30,False,False,False,False,11,6,1,3,1,6,63.6,1.0,-0.427
32,True,True,True,True,5,4,1,1,1,2,60.0,1.0,-0.738
32,True,True,True,False,5,4,1,1,1,2,60.0,1.0,-0.738
32,True,True,False,True,6,4,1,2,1,2,50.0,1.0,-0.617
32,True,True,False,False,6,4,1,2,1,2,50.0,1.0,-0.617
32,True,False,True,True,7,5,1,1,1,4,71.4,1.0,-0.661
32,True,False,True,False,7,5,1,1,1,4,71.4,1.0,-0.661
32,True,False,False,True,8,5,1,2,1,4,62.5,1.0,-0.617
32,True,False,False,False,8,5,1,2,1,4,62.5,1.0,-0.617
32,False,True,True,True,7,5,1,1,1,4,71.4,1.0,-0.661
32,False,True,True,False,7,5,1,1,1,4,71.4,1.0,-0.661
32,False,True,False,True,9,5,1,3,1,4,55.6,1.0,-0.463
32,False,True,False,False,9,5,1,3,1,4,55.6,1.0,-0.463
32,False,False,True,True,9,6,1,1,1,6,77.8,0.417,-0.57
32,False,False,True,False,9,6,1,1,1,6,77.8,0.417,-0.57
32,False,False,False,True,11,6,1,3,1,6,63.6,1.0,-0.427
32,False,False,False,False,11,6,1,3,1,6,63.6,1.0,-0.427
50,True,True,True,True,5,4,1,1,1,2,60.0,1.0,-0.738
50,True,True,True,False,5,4,1,1,1,2,60.0,1.0,-0.738
50,True,True,False,True,6,4,1,2,1,2,50.0,1.0,-0.617
50,True,True,False,False,6,4,1,2,1,2,50.0,1.0,-0.617
50,True,False,True,True,7,5,1,1,1,4,71.4,1.0,-0.661
50,True,False,True,False,7,5,1,1,1,4,71.4,1.0,-0.661
50,True,False,False,True,8,5,1,2,1,4,62.5,1.0,-0.617
50,True,False,False,False,8,5,1,2,1,4,62.5,1.0,-0.617
50,False,True,True,True,7,5,1,1,1,4,71.4,1.0,-0.661
50,False,True,True,False,7,5,1,1,1,4,71.4,1.0,-0.661
50,False,True,False,True,9,5,1,2,1,5,66.7,1.0,-0.463
50,False,True,False,False,9,5,1,2,1,5,66.7,1.0,-0.463
50,False,False,True,True,9,6,1,1,1,6,77.8,0.417,-0.57
50,False,False,True,False,9,6,1,1,1,6,77.8,0.417,-0.57
50,False,False,False,True,11,6,1,2,1,7,72.7,0.491,-0.427
50,False,False,False,False,11,6,1,2,1,7,72.7,0.491,-0.427
