biopsy,endpoint,timepoint,group,replicate,value,pct_of_dmso
Peritoneum Bx 1,MTS absorbance 490 nm,24 h,DMSO,1,1.581,129.2987119198528
Peritoneum Bx 1,MTS absorbance 490 nm,24 h,DMSO,2,1.011,82.68247802085462
Peritoneum Bx 1,MTS absorbance 490 nm,24 h,DMSO,3,1.26,103.04641177673277
Peritoneum Bx 1,MTS absorbance 490 nm,24 h,DMSO,4,1.039,84.97239828255981
Peritoneum Bx 1,MTS absorbance 490 nm,24 h,FOLFIRINOX,1,0.756,61.827847066039666
Peritoneum Bx 1,MTS absorbance 490 nm,24 h,FOLFIRINOX,2,0.901,73.68636270701289
Peritoneum Bx 1,MTS absorbance 490 nm,24 h,FOLFIRINOX,3,1.12,91.59681046820693
Peritoneum Bx 1,MTS absorbance 490 nm,24 h,FOLFIRINOX,4,1.649,134.85994684113678
Peritoneum Bx 1,MTS absorbance 490 nm,24 h,Gem/nab-Pac,1,0.951,77.7755060314864
Peritoneum Bx 1,MTS absorbance 490 nm,24 h,Gem/nab-Pac,2,1.74,142.3021876916786
Peritoneum Bx 1,MTS absorbance 490 nm,24 h,Gem/nab-Pac,3,1.225,100.18401144960131
Peritoneum Bx 1,MTS absorbance 490 nm,24 h,Gem/nab-Pac,4,1.35,110.40686976078513
Peritoneum Bx 1,MTS absorbance 490 nm,24 h,RMC-7977,1,1.277,104.43672050705376
Peritoneum Bx 1,MTS absorbance 490 nm,24 h,RMC-7977,2,1.581,129.2987119198528
Peritoneum Bx 1,MTS absorbance 490 nm,24 h,RMC-7977,3,1.79,146.39133101615212
Peritoneum Bx 1,MTS absorbance 490 nm,24 h,RMC-7977,4,0.678,55.44878347986098
Peritoneum Bx 1,MTS absorbance 490 nm,24 h,Staurosporine,1,1.589,129.95297485176854
Peritoneum Bx 1,MTS absorbance 490 nm,24 h,Staurosporine,2,1.636,133.79676957677367
Peritoneum Bx 1,MTS absorbance 490 nm,24 h,Staurosporine,3,1.021,83.50030668574932
Peritoneum Bx 1,MTS absorbance 490 nm,24 h,Staurosporine,4,1.047,85.62666121447556
Peritoneum Bx 1,MTS absorbance 490 nm,48 h,DMSO,1,1.732,113.33224276132832
Peritoneum Bx 1,MTS absorbance 490 nm,48 h,DMSO,2,1.307,85.52265663340422
Peritoneum Bx 1,MTS absorbance 490 nm,48 h,DMSO,3,1.624,106.26533616882057
Peritoneum Bx 1,MTS absorbance 490 nm,48 h,DMSO,4,1.45,94.87976443644692
Peritoneum Bx 1,MTS absorbance 490 nm,48 h,FOLFIRINOX,1,0.739,48.35596270243743
Peritoneum Bx 1,MTS absorbance 490 nm,48 h,FOLFIRINOX,2,1.115,72.95926713561263
Peritoneum Bx 1,MTS absorbance 490 nm,48 h,FOLFIRINOX,3,1.76,115.16440372975627
Peritoneum Bx 1,MTS absorbance 490 nm,48 h,FOLFIRINOX,4,1.853,121.24979551774906
Peritoneum Bx 1,MTS absorbance 490 nm,48 h,Gem/nab-Pac,1,1.471,96.25388516276789
Peritoneum Bx 1,MTS absorbance 490 nm,48 h,Gem/nab-Pac,2,1.506,98.5440863733028
Peritoneum Bx 1,MTS absorbance 490 nm,48 h,Gem/nab-Pac,3,1.594,104.30230655979062
Peritoneum Bx 1,MTS absorbance 490 nm,48 h,Gem/nab-Pac,4,1.492,97.62800588908883
Peritoneum Bx 1,MTS absorbance 490 nm,48 h,RMC-7977,1,1.599,104.6294781612956
Peritoneum Bx 1,MTS absorbance 490 nm,48 h,RMC-7977,2,1.783,116.66939309667922
Peritoneum Bx 1,MTS absorbance 490 nm,48 h,RMC-7977,3,2.066,135.1873057418616
Peritoneum Bx 1,MTS absorbance 490 nm,48 h,RMC-7977,4,1.894,123.93260265008999
Peritoneum Bx 1,MTS absorbance 490 nm,48 h,Staurosporine,1,1.623,106.19990184851954
Peritoneum Bx 1,MTS absorbance 490 nm,48 h,Staurosporine,2,1.244,81.40029445444135
Peritoneum Bx 1,MTS absorbance 490 nm,48 h,Staurosporine,3,0.974,63.73302797317193
Peritoneum Bx 1,MTS absorbance 490 nm,48 h,Staurosporine,4,0.908,59.41436283330608
