biopsy,endpoint,group,replicate,value
Primary PDAC Bx 2,Nuclear density (nuclei/mm2),Day 0,1,1572.216
Primary PDAC Bx 2,Nuclear density (nuclei/mm2),Day 0,2,1477.797
Primary PDAC Bx 2,Nuclear density (nuclei/mm2),Day 0,3,1126.5159999999998
Primary PDAC Bx 2,Nuclear density (nuclei/mm2),Day 0,4,1008.8059999999999
Primary PDAC Bx 2,Nuclear density (nuclei/mm2),Day 0,5,1253.723
Primary PDAC Bx 2,Nuclear density (nuclei/mm2),Day 0,6,1292.489
Primary PDAC Bx 2,Nuclear density (nuclei/mm2),Day 2,1,905.924
Primary PDAC Bx 2,Nuclear density (nuclei/mm2),Day 2,2,1554.576
Primary PDAC Bx 2,Nuclear density (nuclei/mm2),Day 2,3,724.0649999999999
Primary PDAC Bx 2,Nuclear density (nuclei/mm2),Day 2,4,1770.92
Primary PDAC Bx 2,Nuclear density (nuclei/mm2),Day 2,5,2376.291
Primary PDAC Bx 2,Nuclear density (nuclei/mm2),Day 2,6,1145.7469999999998
Primary PDAC Bx 2,Nuclear density (nuclei/mm2),Day 3,1,1132.312
Primary PDAC Bx 2,Nuclear density (nuclei/mm2),Day 3,2,1745.0919999999999
Primary PDAC Bx 2,Nuclear density (nuclei/mm2),Day 3,3,1298.845
Primary PDAC Bx 2,Nuclear density (nuclei/mm2),Day 3,4,1766.9560000000001
Primary PDAC Bx 2,Nuclear density (nuclei/mm2),Day 3,5,1464.475
Primary PDAC Bx 2,Nuclear density (nuclei/mm2),Day 3,6,1346.3909999999998
Primary PDAC Bx 2,Nuclear density (nuclei/mm2),Day 5,1,1021.305
Primary PDAC Bx 2,Nuclear density (nuclei/mm2),Day 5,2,729.222
Primary PDAC Bx 2,Nuclear density (nuclei/mm2),Day 5,3,1582.657
Primary PDAC Bx 2,Nuclear density (nuclei/mm2),Day 5,4,957.562
Primary PDAC Bx 2,Nuclear density (nuclei/mm2),Day 5,5,1373.401
Primary PDAC Bx 2,Nuclear density (nuclei/mm2),Day 5,6,1187.913
Primary PDAC Bx 2,Nuclear density (nuclei/mm2),Day 7,1,1374.917
Primary PDAC Bx 2,Nuclear density (nuclei/mm2),Day 7,2,1555.762
Primary PDAC Bx 2,Nuclear density (nuclei/mm2),Day 7,3,1308.2160000000001
Primary PDAC Bx 2,Nuclear density (nuclei/mm2),Day 7,4,1570.146
Primary PDAC Bx 2,Nuclear density (nuclei/mm2),Day 7,5,1544.146
Primary PDAC Bx 2,Nuclear density (nuclei/mm2),Day 7,6,2012.214
